hotspottime,provinsi,kabupaten,kecamatan,location,satellite,confidence
2021-04-18 16:35:09,Nusa Tenggara Timur,Sumba Timur,Pahungalodu,0101000020E61000006FCD04608F295E400FD02280405624C0,snpp,medium
2021-04-18 16:35:09,Nusa Tenggara Timur,Kupang,Fatuleu Barat,0101000020E61000000ACA0260DBE85E40D43E250062CB23C0,snpp,medium
2021-04-18 16:35:09,Maluku Utara,Halmahera Selatan,Obi,0101000020E6100000BE70006009DC5F40968B00C0145AF7BF,snpp,medium
2021-04-18 16:35:09,Maluku Utara,Halmahera Tengah,Weda Tengah,0101000020E610000074770038040060409A4CCBFE2FCDDE3F,snpp,medium
2021-04-18 16:35:09,Nusa Tenggara Timur,Sumba Timur,Pahungalodu,0101000020E61000006FCD04608F295E400FD02280405624C0,snpp,medium
2021-04-18 16:35:09,Nusa Tenggara Timur,Kupang,Fatuleu Barat,0101000020E61000000ACA0260DBE85E40D43E250062CB23C0,snpp,medium
2021-04-18 16:35:09,Maluku Utara,Halmahera Selatan,Obi,0101000020E6100000030BFD9F05DC5F407C129680B161F7BF,snpp,medium
2021-04-18 16:35:09,Maluku Utara,Halmahera Selatan,Obi,0101000020E610000079D603200DDC5F40B1046BFF7752F7BF,snpp,medium
2021-04-18 16:35:09,Maluku Utara,Halmahera Tengah,Weda Tengah,0101000020E6100000110701E015006040EC90B47EA7C7DE3F,snpp,medium
2021-04-18 16:35:09,Maluku Utara,Halmahera Tengah,Weda Tengah,0101000020E6100000AECFFF1FE5FF5F404808E27EB8D2DE3F,snpp,medium
2021-04-18 18:17:35,Jambi,Batanghari,Mersam,0101000020E6100000A6ED04A0B6B75940D0C873BF3B60F9BF,snpp,medium
2021-04-18 18:17:35,Jambi,Tanjung Jabung Barat,Tungkalilir,0101000020E610000047270120DDD75940B7C824C03C06F3BF,snpp,medium
2021-04-18 18:17:35,Jambi,Tanjung Jabung Barat,Tungkalilir,0101000020E6100000CF3805E0FCD6594030629F008AD1F2BF,snpp,medium
2021-04-18 18:17:35,Sumatera Selatan,Ogan Komering Ilir,Pampangan,0101000020E610000042500340F4515A40B170ED9F020B06C0,snpp,medium
2021-04-18 18:17:35,Lampung,Lampung Timur,Sukadana,0101000020E6100000A79201A08A6E5A403E094BC0D81413C0,snpp,medium
2021-04-18 18:17:35,Banten,Tangerang,Kosambi,0101000020E61000005009FC9F0BAB5A4061BD1780C26418C0,snpp,medium
2021-04-18 18:17:35,Jawa Barat,Karawang,Rengasdengklok,0101000020E610000054FC0020BED45A40BE85B7FFAFDF18C0,snpp,medium
2021-04-18 18:17:35,Di Yogyakarta,Sleman,Pakem,0101000020E61000000923A6AA659C5B40A1B429B51A2E1EC0,snpp,medium
2021-04-18 18:17:35,Riau,Rokan Hilir,Bagan Sinembah,0101000020E6100000FD33FFBFDC2059405495328022DCFF3F,snpp,medium
2021-04-18 18:17:35,Jambi,Batanghari,Mersam,0101000020E6100000A6ED04A0B6B75940D0C873BF3B60F9BF,snpp,medium
2021-04-18 18:17:35,Jambi,Tanjung Jabung Barat,Tungkalilir,0101000020E610000047270120DDD75940B7C824C03C06F3BF,snpp,medium
2021-04-18 18:17:35,Jambi,Tanjung Jabung Barat,Tungkalilir,0101000020E6100000CF3805E0FCD6594030629F008AD1F2BF,snpp,medium
2021-04-18 18:17:35,Sumatera Selatan,Ogan Komering Ilir,Pampangan,0101000020E610000042500340F4515A40B170ED9F020B06C0,snpp,medium
2021-04-18 18:17:35,Lampung,Lampung Timur,Sukadana,0101000020E6100000A79201A08A6E5A403E094BC0D81413C0,snpp,medium
2021-04-18 18:17:35,Banten,Tangerang,Kosambi,0101000020E61000005009FC9F0BAB5A4061BD1780C26418C0,snpp,medium
2021-04-18 18:17:35,Jawa Barat,Karawang,Rengasdengklok,0101000020E610000054FC0020BED45A40BE85B7FFAFDF18C0,snpp,medium
2021-04-18 18:17:35,Jawa Tengah,Magelang,Srumbung,0101000020E61000007788FB9F2E9C5B400961C13F9D2D1EC0,snpp,medium
2021-04-18 18:17:35,Di Yogyakarta,Sleman,Pakem,0101000020E61000009CA1FAFF9F9C5B4073810D809F2E1EC0,snpp,medium
2021-04-18 18:17:35,Di Yogyakarta,Sleman,Pakem,0101000020E6100000003FFC5F629C5B40673BAE5F132E1EC0,snpp,medium
2021-04-18 18:17:35,Riau,Rokan Hilir,Bagan Sinembah,0101000020E6100000FD33FFBFDC2059405495328022DCFF3F,snpp,medium
2021-04-19 02:57:00,Kalimantan Barat,Ketapang,Kendawangan,0101000020E61000000000006084AC5B4001000060349A04C0,terra,medium
2021-04-19 02:57:00,Sumatera Selatan,Ogan Komering Ilir,Tulung Selapan,0101000020E6100000FDFFFFBF035E5A40010000A05FC607C0,terra,medium
2021-04-19 02:57:00,Jawa Barat,Sukabumi,Pelabuhan Ratu,0101000020E61000000300004080A35A40000000803CF31BC0,terra,low
2021-04-19 02:57:00,Jawa Barat,Bandung,Solokan Jeruk,0101000020E6100000FDFFFFBF4DEF5A4000000060CC041CC0,terra,medium
2021-04-19 02:57:00,Jawa Tengah,Semarang,Mijen,0101000020E6100000FDFFFFBF5F955B40010000A09C2D1CC0,terra,medium
2021-04-19 02:57:00,Jawa Timur,Lamongan,Lamongan,0101000020E6100000030000A0901A5C40000000206F781CC0,terra,medium
2021-04-19 02:57:00,Jawa Timur,Mojokerto,Ngoro,0101000020E6100000FDFFFFBFE5265C400000002019431EC0,terra,medium
2021-04-19 02:57:00,Jawa Timur,Sidoarjo,Gedangan,0101000020E6100000FFFFFFDF32305C40000000E0C2911DC0,terra,medium
2021-04-19 02:57:00,Jawa Tengah,Semarang,Bawen,0101000020E6100000FEFFFF1F6C9B5B40000000E09CE51CC0,terra,medium
2021-04-19 02:57:00,Kalimantan Barat,Ketapang,Kendawangan,0101000020E61000000000006084AC5B4001000060349A04C0,terra,medium
2021-04-19 02:57:00,Sumatera Selatan,Ogan Komering Ilir,Tulung Selapan,0101000020E6100000FDFFFFBF035E5A40010000A05FC607C0,terra,medium
2021-04-19 02:57:00,Jawa Barat,Sukabumi,Pelabuhan Ratu,0101000020E61000000300004080A35A40000000803CF31BC0,terra,low
2021-04-19 02:57:00,Jawa Barat,Bandung,Solokan Jeruk,0101000020E6100000FDFFFFBF4DEF5A4000000060CC041CC0,terra,medium
2021-04-19 02:57:00,Jawa Tengah,Semarang,Mijen,0101000020E6100000FDFFFFBF5F955B40010000A09C2D1CC0,terra,medium
2021-04-19 02:57:00,Jawa Timur,Lamongan,Lamongan,0101000020E6100000030000A0901A5C40000000206F781CC0,terra,medium
2021-04-19 02:57:00,Jawa Timur,Mojokerto,Ngoro,0101000020E6100000FDFFFFBFE5265C400000002019431EC0,terra,medium
2021-04-19 02:57:00,Jawa Timur,Sidoarjo,Gedangan,0101000020E6100000FFFFFFDF32305C40000000E0C2911DC0,terra,medium
2021-04-19 02:57:00,Jawa Tengah,Semarang,Bawen,0101000020E6100000FEFFFF7F229B5B4000000080F0E41CC0,terra,medium
2021-04-19 02:57:00,Jawa Tengah,Semarang,Bawen,0101000020E6100000FDFFFFBFB59B5B400000004049E61CC0,terra,medium
2021-04-19 05:11:56,Nusa Tenggara Barat,Sumbawa,Utan,0101000020E61000007FECFD5F58475D408850002082D720C0,snpp,low
2021-04-19 05:11:56,Nusa Tenggara Barat,Bima,Donggo,0101000020E6100000F05EFFBFFBAA5D40736D24E042F020C0,snpp,low
2021-04-19 05:11:56,Nusa Tenggara Timur,Sumba Timur,Paberiwai,0101000020E6100000D0B6FD9FE1105E406282F9AF9CCE23C0,snpp,medium
2021-04-19 05:11:56,Sulawesi Selatan,Bone,Lamuru,0101000020E6100000BACBCC6CDAFD5D40AEE8A179AA3612C0,snpp,medium
2021-04-19 05:11:56,Kalimantan Selatan,Tanahbumbu,Angsana,0101000020E61000003CF7FD1F70E85C40BDE8A70F8FFA0CC0,snpp,medium
2021-04-19 05:11:56,Sulawesi Selatan,Luwu,Basse Sangtempe,0101000020E61000008E27FEFFEA035E401FD67EDF7D9509C0,snpp,medium
2021-04-19 05:11:56,Kalimantan Tengah,Katingan,Sanaman Mantikei,0101000020E6100000CF3805E0BC455C408389DC5F7F0AF5BF,snpp,medium
2021-04-19 05:11:56,Nusa Tenggara Barat,Sumbawa,Utan,0101000020E61000007FECFD5F58475D408850002082D720C0,snpp,low
2021-04-19 05:11:56,Nusa Tenggara Barat,Bima,Donggo,0101000020E6100000F05EFFBFFBAA5D40736D24E042F020C0,snpp,low
2021-04-19 05:11:56,Nusa Tenggara Timur,Sumba Timur,Paberiwai,0101000020E61000004FA3FBFFD9105E405DB3E8DF26CE23C0,snpp,medium
2021-04-19 05:11:56,Nusa Tenggara Timur,Sumba Timur,Paberiwai,0101000020E610000050CAFF3FE9105E4068510A8012CF23C0,snpp,medium
2021-04-19 05:11:56,Sulawesi Selatan,Bone,Lamuru,0101000020E6100000EBC6FD3FF5FD5D40D9D7F47F923712C0,snpp,medium
2021-04-19 05:11:56,Sulawesi Selatan,Bone,Lamuru,0101000020E61000002BB100E0B7FD5D4099993EE0263812C0,snpp,medium
2021-04-19 05:11:56,Sulawesi Selatan,Bone,Lamuru,0101000020E6100000C9A00360B6FD5D40DA4036A0103712C0,snpp,medium
2021-04-19 05:11:56,Sulawesi Selatan,Bone,Lamuru,0101000020E6100000A7D1FDFFECFD5D40428CBE1F0A3412C0,snpp,medium
2021-04-19 05:11:56,Sulawesi Selatan,Bone,Lamuru,0101000020E61000001B1000A0F3FD5D40DC4C0140803612C0,snpp,medium
2021-04-19 05:11:56,Kalimantan Selatan,Tanahbumbu,Angsana,0101000020E6100000FCCDFE1F6BE85C4014E5773F13F60CC0,snpp,medium
2021-04-19 05:11:56,Kalimantan Selatan,Tanahbumbu,Angsana,0101000020E61000007D20FD1F75E85C4066ECD7DF0AFF0CC0,snpp,medium
2021-04-19 05:11:56,Sulawesi Selatan,Luwu,Basse Sangtempe,0101000020E61000008E27FEFFEA035E401FD67EDF7D9509C0,snpp,medium
2021-04-19 05:11:56,Kalimantan Tengah,Katingan,Sanaman Mantikei,0101000020E6100000CF3805E0BC455C408389DC5F7F0AF5BF,snpp,medium
2021-04-19 06:57:10,Kep. Bangka Belitung,Belitung,Membalong,0101000020E610000078AFFFDF7DE85A4053035120814909C0,snpp,medium
2021-04-19 06:57:10,Kep. Bangka Belitung,Bangka Selatan,Simpang Rimba,0101000020E610000017DEFEBF9E7C5A40200237207C4F05C0,snpp,medium
2021-04-19 06:57:10,Kep. Bangka Belitung,Bangka,Mendo Barat,0101000020E61000006D4000800E7E5A40D85C3D405AC801C0,snpp,medium
2021-04-19 06:57:10,Kep. Bangka Belitung,Bangka Selatan,Air Gegas,0101000020E61000007172016023915A408921DEDF45EC05C0,snpp,medium
2021-04-19 06:57:10,Lampung,Way Kanan,Blambangan Umpu,0101000020E61000002D56FDDF8B265A40F53C4DA067B311C0,snpp,medium
2021-04-19 06:57:10,Kep. Bangka Belitung,Belitung,Membalong,0101000020E610000078AFFFDF7DE85A4053035120814909C0,snpp,medium
2021-04-19 06:57:10,Kep. Bangka Belitung,Bangka Selatan,Simpang Rimba,0101000020E610000017DEFEBF9E7C5A40200237207C4F05C0,snpp,medium
2021-04-19 06:57:10,Kep. Bangka Belitung,Bangka,Mendo Barat,0101000020E61000006D4000800E7E5A40D85C3D405AC801C0,snpp,medium
2021-04-19 06:57:10,Kep. Bangka Belitung,Bangka Selatan,Air Gegas,0101000020E61000007172016023915A408921DEDF45EC05C0,snpp,medium
2021-04-19 06:57:10,Lampung,Way Kanan,Blambangan Umpu,0101000020E61000002D56FDDF8B265A40F53C4DA067B311C0,snpp,medium
2021-04-19 05:53:00,Nusa Tenggara Barat,Sumbawa Barat,Taliwang,0101000020E6100000030000406E365D40000000E0607E21C0,aqua,medium
2021-04-19 05:53:00,Sulawesi Selatan,Bone,Tellusiattinge,0101000020E6100000FCFFFFFF80125E40000000E0D15A11C0,aqua,medium
2021-04-19 05:53:00,Kalimantan Selatan,Tanahbumbu,Angsana,0101000020E6100000FFFFFF3F03E85C40FFFFFF3FBAFE0CC0,aqua,medium
2021-04-19 05:53:00,Kalimantan Barat,Melawi,Nanga Pinoh,0101000020E6100000010000C032EF5B40000000401D88D5BF,aqua,medium
2021-04-19 05:53:00,Kalimantan Tengah,Kapuas,Mantangai,0101000020E6100000FDFFFF5F73875C40FFFFFFFF67F2FDBF,aqua,medium
2021-04-19 05:53:00,Kalimantan Tengah,Katingan,Kampiang,0101000020E6100000040000005F575C400100000012EC02C0,aqua,low
2021-04-19 05:53:00,Kalimantan Barat,Ketapang,Kendawangan,0101000020E6100000FFFFFF3F5FA25B40000000409B0C05C0,aqua,medium
2021-04-19 05:53:00,Kalimantan Barat,Ketapang,Kendawangan,0101000020E6100000020000B047AC5B4001000020889E04C0,aqua,medium
2021-04-19 05:53:00,Kalimantan Barat,Sanggau,Kapuas,0101000020E6100000FDFFFF5F41A65B400000006018FBBE3F,aqua,medium
2021-04-19 05:53:00,Nusa Tenggara Barat,Sumbawa Barat,Taliwang,0101000020E6100000030000406E365D40000000E0607E21C0,aqua,medium
2021-04-19 05:53:00,Sulawesi Selatan,Bone,Tellusiattinge,0101000020E6100000FEFFFF7F4E125E40000000E0AF5811C0,aqua,medium
2021-04-19 05:53:00,Sulawesi Selatan,Bone,Tellusiattinge,0101000020E610000002000080B3125E40000000E0F35C11C0,aqua,medium
2021-04-19 05:53:00,Kalimantan Selatan,Tanahbumbu,Angsana,0101000020E6100000FFFFFF3F03E85C40FFFFFF3FBAFE0CC0,aqua,medium
2021-04-19 05:53:00,Kalimantan Barat,Melawi,Nanga Pinoh,0101000020E6100000010000C032EF5B40000000401D88D5BF,aqua,medium
2021-04-19 05:53:00,Kalimantan Tengah,Kapuas,Mantangai,0101000020E6100000FDFFFF5F73875C40FFFFFFFF67F2FDBF,aqua,medium
2021-04-19 05:53:00,Kalimantan Tengah,Katingan,Kampiang,0101000020E6100000040000005F575C400100000012EC02C0,aqua,low
2021-04-19 05:53:00,Kalimantan Barat,Ketapang,Kendawangan,0101000020E6100000FFFFFF3F5FA25B40000000409B0C05C0,aqua,medium
2021-04-19 05:53:00,Kalimantan Barat,Ketapang,Kendawangan,0101000020E6100000000000A03BAC5B4001000000C79304C0,aqua,medium
2021-04-19 05:53:00,Kalimantan Barat,Ketapang,Kendawangan,0101000020E6100000FDFFFFBF53AC5B400100004049A904C0,aqua,high
2021-04-19 05:53:00,Kalimantan Barat,Sanggau,Kapuas,0101000020E6100000FDFFFF5F41A65B400000006018FBBE3F,aqua,medium
2021-04-19 16:17:39,Nusa Tenggara Timur,Sumba Timur,Pahungalodu,0101000020E6100000FA67FE7F39295E403B91FD7FDE5624C0,snpp,medium
2021-04-19 16:17:39,Sulawesi Tenggara,Konawe,Bondoala,0101000020E610000049F854D5DC995E401F7B2B8097F70EC0,snpp,medium
2021-04-19 16:17:39,Sulawesi Tenggara,Konawe,Bondoala,0101000020E6100000290C04E0A39A5E40AAC9DFFFBF380FC0,snpp,medium
2021-04-19 16:17:39,Nusa Tenggara Timur,Sumba Timur,Pahungalodu,0101000020E6100000FA67FE7F39295E403B91FD7FDE5624C0,snpp,medium
2021-04-19 16:17:39,Sulawesi Tenggara,Konawe,Bondoala,0101000020E6100000E07E0220159A5E40AD678CFFD0F60EC0,snpp,medium
2021-04-19 16:17:39,Sulawesi Tenggara,Konawe,Bondoala,0101000020E6100000FF99FF5FCE995E4011A2A5C03CFB0EC0,snpp,medium
2021-04-19 16:17:39,Sulawesi Tenggara,Konawe,Bondoala,0101000020E6100000F5CFFCFFB2995E40A16750C0B8F40EC0,snpp,medium
2021-04-19 16:17:39,Sulawesi Tenggara,Konawe,Bondoala,0101000020E6100000290C04E0A39A5E40AAC9DFFFBF380FC0,snpp,medium
2021-04-19 17:55:48,Kalimantan Selatan,Tanahbumbu,Angsana,0101000020E61000009DC8FE3F4FE85C405D825B9090FD0CC0,snpp,medium
2021-04-19 17:55:48,Kalimantan Selatan,Tanahbumbu,Satui,0101000020E610000065030200B4D75C40E501767F065D0EC0,snpp,medium
2021-04-19 17:55:48,Kalimantan Selatan,Tapin,Lokpaikat,0101000020E61000006E6704C0DDCE5C401A0F5B1F7B8A07C0,snpp,medium
2021-04-19 17:55:48,Kalimantan Tengah,Waringin Timur,Antangkalang,0101000020E61000006D7FFCDF30215C40CE765CBF26BCF9BF,snpp,medium
2021-04-19 17:55:48,Kalimantan Tengah,Kapuas,Kapuas Tengah,0101000020E6100000F01F0360599D5C405229D95EC90DF2BF,snpp,medium
2021-04-19 17:55:48,Kalimantan Tengah,Pulangpisau,Kahayan Kuala,0101000020E610000095250020E3765C40241F81600A4608C0,snpp,medium
2021-04-19 17:55:48,Kalimantan Barat,Ketapang,Kendawangan,0101000020E6100000596DFE5F758A5B402E52EE5FD5E802C0,snpp,medium
2021-04-19 17:55:48,Sumatera Selatan,Penukal Abab Lematang Ilir,Talang Ubi,0101000020E610000004F155B55D005A4033BC1195C5E40AC0,snpp,medium
2021-04-19 17:55:48,Sumatera Selatan,Ogan Ilir,Muarakuang,0101000020E610000093800320CF185A40FD70889F9C740CC0,snpp,medium
2021-04-19 17:55:48,Sumatera Selatan,Banyuasin,Pulau Rimau,0101000020E610000006D7FDDFA8095A400C035440F34C04C0,snpp,medium
2021-04-19 17:55:48,Jawa Barat,Karawang,Rawamerta,0101000020E6100000BF9704A0B8D45A40554E182013E118C0,snpp,medium
2021-04-19 17:55:48,Jawa Tengah,Batang,Banyuputih,0101000020E6100000D427FBDF387D5B404696EDBFA5E61BC0,snpp,medium
2021-04-19 17:55:48,Jawa Tengah,Banyumas,Baturaden,0101000020E610000018050300AE4E5B4092054CE0D6791DC0,snpp,medium
2021-04-19 17:55:48,Sumatera Utara,Padang Lawas Utara,Padang Bolak,0101000020E6100000E223FF1F69E55840A06506BF470CF63F,snpp,medium
2021-04-19 17:55:48,Kalimantan Selatan,Tanahbumbu,Angsana,0101000020E610000053D5FCDF2EE85C4012704200F4FC0CC0,snpp,medium
2021-04-19 17:55:48,Kalimantan Selatan,Tanahbumbu,Angsana,0101000020E6100000E8BB00A06FE85C40A79474202DFE0CC0,snpp,medium
2021-04-19 17:55:48,Kalimantan Selatan,Tanahbumbu,Satui,0101000020E610000065030200B4D75C40E501767F065D0EC0,snpp,medium
2021-04-19 17:55:48,Kalimantan Selatan,Tapin,Lokpaikat,0101000020E61000006E6704C0DDCE5C401A0F5B1F7B8A07C0,snpp,medium
2021-04-19 17:55:48,Kalimantan Tengah,Waringin Timur,Antangkalang,0101000020E61000006D7FFCDF30215C40CE765CBF26BCF9BF,snpp,medium
2021-04-19 17:55:48,Kalimantan Tengah,Kapuas,Kapuas Tengah,0101000020E6100000F01F0360599D5C405229D95EC90DF2BF,snpp,medium
2021-04-19 17:55:48,Kalimantan Tengah,Pulangpisau,Kahayan Kuala,0101000020E610000095250020E3765C40241F81600A4608C0,snpp,medium
2021-04-19 17:55:48,Kalimantan Barat,Ketapang,Kendawangan,0101000020E6100000596DFE5F758A5B402E52EE5FD5E802C0,snpp,medium
2021-04-19 17:55:48,Sumatera Selatan,Penukal Abab Lematang Ilir,Talang Ubi,0101000020E610000068CF024057005A4021109EBFBFDF0AC0,snpp,medium
2021-04-19 17:55:48,Sumatera Selatan,Penukal Abab Lematang Ilir,Talang Ubi,0101000020E61000007FAD010076005A4015F892DF05E60AC0,snpp,medium
2021-04-19 17:55:48,Sumatera Selatan,Penukal Abab Lematang Ilir,Talang Ubi,0101000020E61000002D56FDDF4B005A40602C04208BE80AC0,snpp,medium
2021-04-19 17:55:48,Sumatera Selatan,Ogan Ilir,Muarakuang,0101000020E610000093800320CF185A40FD70889F9C740CC0,snpp,medium
2021-04-19 17:55:48,Sumatera Selatan,Banyuasin,Pulau Rimau,0101000020E610000006D7FDDFA8095A400C035440F34C04C0,snpp,medium
2021-04-19 17:55:48,Jawa Barat,Karawang,Rawamerta,0101000020E6100000BF9704A0B8D45A40554E182013E118C0,snpp,medium
2021-04-19 17:55:48,Jawa Tengah,Batang,Banyuputih,0101000020E6100000D427FBDF387D5B404696EDBFA5E61BC0,snpp,medium
2021-04-19 17:55:48,Jawa Tengah,Banyumas,Baturaden,0101000020E610000018050300AE4E5B4092054CE0D6791DC0,snpp,medium
2021-04-19 17:55:48,Sumatera Utara,Padang Lawas Utara,Padang Bolak,0101000020E6100000E223FF1F69E55840A06506BF470CF63F,snpp,medium
2021-04-20 03:42:00,Kep. Riau,Batam,Sungai Beduk,0101000020E61000000000006006025A4001000020D4FCF03F,terra,medium
2021-04-20 03:42:00,Kep. Riau,Batam,Sungai Beduk,0101000020E61000000000006006025A4001000020D4FCF03F,terra,medium
2021-04-20 04:54:26,Nusa Tenggara Barat,Lombok Utara,Gangga,0101000020E610000060AAFCDF0F0C5D40DAD3E5FF1BAC20C0,snpp,medium
2021-04-20 04:54:26,Nusa Tenggara Timur,Sumba Timur,Pahungalodu,0101000020E61000001AE9FB5F64295E40B7F405806C5624C0,snpp,medium
2021-04-20 04:54:26,Maluku Utara,Halmahera Selatan,Obi,0101000020E6100000123A01B0EEDB5F40FD6C81906E54F7BF,snpp,medium
2021-04-20 04:54:26,Maluku,Maluku Tengah,Pulau Haruku,0101000020E6100000811302A0670D6040CB5E9D0016F30CC0,snpp,medium
2021-04-20 04:54:26,Kalimantan Selatan,Tanahbumbu,Angsana,0101000020E6100000FD33FFBF5CE85C40E25153603BF70CC0,snpp,medium
2021-04-20 04:54:26,Kalimantan Selatan,Tapin,Lokpaikat,0101000020E61000000D14FC5F03CF5C40BE9B1320AF8C07C0,snpp,medium
2021-04-20 04:54:26,Kalimantan Selatan,Baru,Sampanahan,0101000020E6100000ABD0FE0F49165D40E8667FA0DCCE04C0,snpp,medium
2021-04-20 04:54:26,Sulawesi Barat,Mamuju,Kalumpang,0101000020E61000005AA9561510E15D4097A62695B3B003C0,snpp,medium
2021-04-20 04:54:26,Sulawesi Barat,Mamuju,Kalumpang,0101000020E6100000D3A9022074DE5D407AE91EC0BF0C04C0,snpp,medium
2021-04-20 04:54:26,Sulawesi Barat,Mamuju,Bonehau,0101000020E610000043F5FF3F28DC5D40877A6E5F0F9B03C0,snpp,medium
2021-04-20 04:54:26,Sulawesi Tengah,Tojounauna,Tojo,0101000020E6100000535704202A4D5E40DF524ADFD653F4BF,snpp,medium
2021-04-20 04:54:26,Kalimantan Timur,Kutai Kartanegara,Marangkayu,0101000020E6100000596DFE5F354F5D404F5E22E6AB47C6BF,snpp,medium
2021-04-20 04:54:26,Sulawesi Tengah,Parigimoutong,Bolano,0101000020E61000007788FB9FEE375E40CC46A5E04201E03F,snpp,medium
2021-04-20 04:54:26,Sulawesi Tengah,Parigimoutong,Bolano,0101000020E610000082790240593B5E401C228F5C0EE6DC3F,snpp,medium
2021-04-20 04:54:26,Gorontalo,Gorontalo,Batudaa Pantai,0101000020E6100000A62C010019BA5E40CD7E935CB4F6DF3F,snpp,medium
2021-04-20 04:54:26,Nusa Tenggara Barat,Lombok Utara,Gangga,0101000020E610000060AAFCDF0F0C5D40DAD3E5FF1BAC20C0,snpp,medium
2021-04-20 04:54:26,Nusa Tenggara Timur,Sumba Timur,Pahungalodu,0101000020E61000001AE9FB5F64295E40B7F405806C5624C0,snpp,medium
2021-04-20 04:54:26,Maluku Utara,Halmahera Selatan,Obi,0101000020E610000004F30480F2DB5F40D14984805B5BF7BF,snpp,medium
2021-04-20 04:54:26,Maluku Utara,Halmahera Selatan,Obi,0101000020E61000002081FDDFEADB5F4029907EA0814DF7BF,snpp,medium
2021-04-20 04:54:26,Maluku,Maluku Tengah,Pulau Haruku,0101000020E6100000811302A0670D6040CB5E9D0016F30CC0,snpp,medium
2021-04-20 04:54:26,Kalimantan Selatan,Tanahbumbu,Angsana,0101000020E6100000FD33FFBF5CE85C40E25153603BF70CC0,snpp,medium
2021-04-20 04:54:26,Kalimantan Selatan,Tapin,Lokpaikat,0101000020E61000000D14FC5F03CF5C40BE9B1320AF8C07C0,snpp,medium
2021-04-20 04:54:26,Kalimantan Selatan,Baru,Sampanahan,0101000020E6100000D11CFE3F33165D40CA5F6B0080CD04C0,snpp,medium
2021-04-20 04:54:26,Kalimantan Selatan,Baru,Sampanahan,0101000020E61000008584FFDF5E165D40066E934039D004C0,snpp,medium
2021-04-20 04:54:26,Sulawesi Barat,Mamuju,Kalumpang,0101000020E610000085450380FCE05D401CA06E7FB2AA03C0,snpp,medium
2021-04-20 04:54:26,Sulawesi Barat,Mamuju,Kalumpang,0101000020E61000004866FD7F3FE15D4010A1004004B303C0,snpp,medium
2021-04-20 04:54:26,Sulawesi Barat,Mamuju,Kalumpang,0101000020E610000042500340F4E05D4097B2040064B403C0,snpp,medium
2021-04-20 04:54:26,Sulawesi Barat,Mamuju,Kalumpang,0101000020E6100000D3A9022074DE5D407AE91EC0BF0C04C0,snpp,medium
2021-04-20 04:54:26,Sulawesi Barat,Mamuju,Kalumpang,0101000020E61000000D9603A03EDC5D40EADC82DF659A03C0,snpp,medium
2021-04-20 04:54:26,Sulawesi Barat,Mamuju,Bonehau,0101000020E61000007A54FCDF11DC5D4024185ADFB89B03C0,snpp,medium
2021-04-20 04:54:26,Sulawesi Tengah,Tojounauna,Tojo,0101000020E6100000535704202A4D5E40DF524ADFD653F4BF,snpp,medium
2021-04-20 04:54:26,Kalimantan Timur,Kutai Kartanegara,Marangkayu,0101000020E6100000596DFE5F354F5D404F5E22E6AB47C6BF,snpp,medium
2021-04-20 04:54:26,Sulawesi Tengah,Parigimoutong,Bolano,0101000020E61000007788FB9FEE375E40CC46A5E04201E03F,snpp,medium
2021-04-20 04:54:26,Sulawesi Tengah,Parigimoutong,Bolano,0101000020E610000082790240593B5E401C228F5C0EE6DC3F,snpp,medium
2021-04-20 04:54:26,Gorontalo,Gorontalo,Batudaa Pantai,0101000020E6100000A62C010019BA5E40CD7E935CB4F6DF3F,snpp,medium
2021-04-20 06:36:00,Kep. Bangka Belitung,Bangka Selatan,Toboali,0101000020E610000004000000A7AB5A40010000008CA608C0,aqua,high
2021-04-20 06:36:00,Jawa Barat,Bogor,Gunungputri,0101000020E6100000FDFFFFBF81B95A4000000080DEC319C0,aqua,medium
2021-04-20 06:36:00,Sumatera Utara,Sibolga,Sibolga,0101000020E61000000000000023B35840010000404E88FB3F,aqua,medium
2021-04-20 06:36:00,Sumatera Utara,Labuhan Batu Selatan,Kota Pinang,0101000020E6100000FDFFFFBF91055940020000C0483AFE3F,aqua,medium
2021-04-20 06:36:00,Sumatera Utara,Labuhanbatu,Panei Tengah,0101000020E6100000020000E073135940FFFFFFFFA2F90240,aqua,medium
2021-04-20 06:36:00,Riau,Dumai,Dumai Barat,0101000020E6100000FDFFFF5FAD4E5940000000A0F262FD3F,aqua,medium
2021-04-20 06:36:00,Riau,Kepulauan Meranti,Tebingtinggi Barat,0101000020E6100000020000E041AD594001000080F51EF03F,aqua,low
2021-04-20 06:36:00,Riau,Kampar,Tapung,0101000020E6100000FFFFFF3F933C5940000000E09DBDE03F,aqua,medium
2021-04-20 06:36:00,Riau,Rokan Hulu,Tapungkiri,0101000020E6100000FFFFFFDF78415940000000403E55DB3F,aqua,medium
2021-04-20 06:36:00,Riau,Rokan Hulu,Tapungkiri,0101000020E6100000FFFFFF3F5F415940000000A02E78D53F,aqua,medium
2021-04-20 06:36:00,Riau,Kampar,Siak Hulu,0101000020E6100000FEFFFF7F605D5940FFFFFF9F457ADA3F,aqua,medium
2021-04-20 06:36:00,Kep. Bangka Belitung,Bangka Selatan,Toboali,0101000020E610000004000000A7AB5A40010000008CA608C0,aqua,high
2021-04-20 06:36:00,Jawa Barat,Bogor,Gunungputri,0101000020E6100000FDFFFFBF81B95A4000000080DEC319C0,aqua,medium
2021-04-20 06:36:00,Sumatera Utara,Sibolga,Sibolga,0101000020E61000000000000023B35840010000404E88FB3F,aqua,medium
2021-04-20 06:36:00,Sumatera Utara,Labuhan Batu Selatan,Kota Pinang,0101000020E6100000FDFFFFBF91055940020000C0483AFE3F,aqua,medium
2021-04-20 06:36:00,Sumatera Utara,Labuhanbatu,Panei Tengah,0101000020E6100000020000E073135940FFFFFFFFA2F90240,aqua,medium
2021-04-20 06:36:00,Riau,Dumai,Dumai Barat,0101000020E6100000FDFFFF5FAD4E5940000000A0F262FD3F,aqua,medium
2021-04-20 06:36:00,Riau,Kepulauan Meranti,Tebingtinggi Barat,0101000020E6100000020000E041AD594001000080F51EF03F,aqua,low
2021-04-20 06:36:00,Riau,Kampar,Tapung,0101000020E6100000FFFFFF3F933C5940000000E09DBDE03F,aqua,medium
2021-04-20 06:36:00,Riau,Rokan Hulu,Tapungkiri,0101000020E6100000FFFFFFDF78415940000000403E55DB3F,aqua,medium
2021-04-20 06:36:00,Riau,Rokan Hulu,Tapungkiri,0101000020E6100000FFFFFF3F5F415940000000A02E78D53F,aqua,medium
2021-04-20 06:36:00,Riau,Kampar,Siak Hulu,0101000020E6100000FEFFFF7F605D5940FFFFFF9F457ADA3F,aqua,medium
2021-04-20 06:35:26,Kalimantan Tengah,Waringin Timur,Cembaga,0101000020E61000009ABD01A0C9415C4075A40240780D02C0,snpp,medium
2021-04-20 06:35:26,Kalimantan Tengah,Sukamara,Permata Kecubung,0101000020E610000001FBAC8AA3C35B401C77E10AD04B01C0,snpp,medium
2021-04-20 06:35:26,Kalimantan Barat,Ketapang,Matan Hilir Selatan,0101000020E6100000AE9003C0029C5B40377172BF436900C0,snpp,medium
2021-04-20 06:35:26,Kalimantan Barat,Ketapang,Kendawangan,0101000020E610000061D100205F9B5B4059869B00810E07C0,snpp,medium
2021-04-20 06:35:26,Kep. Bangka Belitung,Belitung,Membalong,0101000020E610000047E804C07AF15A40E66F6BA0334809C0,snpp,medium
2021-04-20 06:35:26,Kep. Bangka Belitung,Belitung Timur,Gantung,0101000020E6100000DEF1FD3F340F5B4057DCEAFF3D8007C0,snpp,medium
2021-04-20 06:35:26,Sumatera Barat,Pesisir Selatan,Pancung Soal,0101000020E6100000086402C0693E594013F8BB5E3788FFBF,snpp,medium
2021-04-20 06:35:26,Bengkulu,Muko-Muko,Muko Muko Selatan,0101000020E61000008CC1FD5FF96459404CC584A0BC3207C0,snpp,medium
2021-04-20 06:35:26,Bengkulu,Muko-Muko,Muko Muko Selatan,0101000020E61000002081FDDFEA605940C13F4220D91C06C0,snpp,medium
2021-04-20 06:35:26,Kep. Bangka Belitung,Bangka Tengah,Pangkalan Baru,0101000020E610000046C10080AB8B5A40845DFB9F4F3E02C0,snpp,medium
2021-04-20 06:35:26,Kep. Bangka Belitung,Bangka Tengah,Koba,0101000020E610000039EC00804AA65A40F92A9E1FEB4604C0,snpp,medium
2021-04-20 06:35:26,Kep. Bangka Belitung,Bangka Selatan,Toboali,0101000020E610000054BD04C09BAB5A405624AAE0859F08C0,snpp,medium
2021-04-20 06:35:26,Bengkulu,Seluma,Semidang Alas,0101000020E6100000AECFFF1F25B459407B0EB07F6C2011C0,snpp,medium
2021-04-20 06:35:26,Jawa Barat,Karawang,Rawamerta,0101000020E61000006A74FF3FCBD45A402AEC1EB0DDDF18C0,snpp,medium
2021-04-20 06:35:26,Jawa Barat,Bogor,Gunungputri,0101000020E6100000CF7701409FB95A4096962E5094C219C0,snpp,medium
2021-04-20 06:35:26,Sumatera Barat,Kepulauan Mentawai,Siberut Barat,0101000020E61000003CB801C0ADB95840C464C3FDF43DEDBF,snpp,medium
2021-04-20 06:35:26,Sumatera Barat,Agam,Tanjung Mutiara,0101000020E61000009F6DFB3F83F9584088AD0B058D15D5BF,snpp,medium
2021-04-20 06:35:26,Sumatera Utara,Labuhanbatu,Panei Tengah,0101000020E6100000D94104A03A1359403DD196EFF0090340,snpp,medium
2021-04-20 06:35:26,Riau,Rokan Hilir,Bangko,0101000020E6100000B8990280003359406068BFFFA0070040,snpp,low
2021-04-20 06:35:26,Kep. Riau,Batam,Bulang,0101000020E6100000BE700060E9F959406FDC20629CC2EF3F,snpp,medium
2021-04-20 06:35:26,Kalimantan Barat,Pontianak,Mempawah Timur,0101000020E6100000AE9003C002435B402836721FB1C4D53F,snpp,medium
2021-04-20 06:35:26,Kalimantan Barat,Sanggau,Tayan Hilir,0101000020E6100000B2C204A0177A5B40842B5E347DD9B23F,snpp,medium
2021-04-20 06:35:26,Kalimantan Tengah,Waringin Timur,Cembaga,0101000020E61000000E3B00A0D2415C409C4961FFF10D02C0,snpp,medium
2021-04-20 06:35:26,Kalimantan Tengah,Waringin Timur,Cembaga,0101000020E6100000264003A0C0415C404EFFA380FE0C02C0,snpp,medium
2021-04-20 06:35:26,Kalimantan Tengah,Sukamara,Permata Kecubung,0101000020E61000005D6003E0A7C35B4091736A80354B01C0,snpp,medium
2021-04-20 06:35:26,Kalimantan Tengah,Sukamara,Permata Kecubung,0101000020E6100000038D04E0C0C35B4018A0A7E0744B01C0,snpp,medium
2021-04-20 06:35:26,Kalimantan Tengah,Sukamara,Permata Kecubung,0101000020E6100000AC03FFDF81C35B40A75192BFC54C01C0,snpp,medium
2021-04-20 06:35:26,Kalimantan Barat,Ketapang,Matan Hilir Selatan,0101000020E6100000AE9003C0029C5B40377172BF436900C0,snpp,medium
2021-04-20 06:35:26,Kalimantan Barat,Ketapang,Kendawangan,0101000020E610000061D100205F9B5B4059869B00810E07C0,snpp,medium
2021-04-20 06:35:26,Kep. Bangka Belitung,Belitung,Membalong,0101000020E610000047E804C07AF15A40E66F6BA0334809C0,snpp,medium
2021-04-20 06:35:26,Kep. Bangka Belitung,Belitung Timur,Gantung,0101000020E6100000633701C0500F5B40E599D9DFC08107C0,snpp,medium
2021-04-20 06:35:26,Kep. Bangka Belitung,Belitung Timur,Gantung,0101000020E610000059ACFABF170F5B40CA1EFC1FBB7E07C0,snpp,medium
2021-04-20 06:35:26,Sumatera Barat,Pesisir Selatan,Pancung Soal,0101000020E6100000086402C0693E594013F8BB5E3788FFBF,snpp,medium
2021-04-20 06:35:26,Bengkulu,Muko-Muko,Muko Muko Selatan,0101000020E61000008CC1FD5FF96459404CC584A0BC3207C0,snpp,medium
2021-04-20 06:35:26,Bengkulu,Muko-Muko,Muko Muko Selatan,0101000020E61000002081FDDFEA605940C13F4220D91C06C0,snpp,medium
2021-04-20 06:35:26,Kep. Bangka Belitung,Bangka Tengah,Pangkalan Baru,0101000020E610000046C10080AB8B5A40845DFB9F4F3E02C0,snpp,medium
2021-04-20 06:35:26,Kep. Bangka Belitung,Bangka Tengah,Koba,0101000020E610000039EC00804AA65A40F92A9E1FEB4604C0,snpp,medium
2021-04-20 06:35:26,Kep. Bangka Belitung,Bangka Selatan,Toboali,0101000020E610000054BD04C09BAB5A405624AAE0859F08C0,snpp,medium
2021-04-20 06:35:26,Bengkulu,Seluma,Semidang Alas,0101000020E6100000AECFFF1F25B459407B0EB07F6C2011C0,snpp,medium
2021-04-20 06:35:26,Jawa Barat,Karawang,Rawamerta,0101000020E6100000CB450060CAD45A409F1948401AE018C0,snpp,medium
2021-04-20 06:35:26,Jawa Barat,Karawang,Rawamerta,0101000020E610000009A3FE1FCCD45A40B4BEF51FA1DF18C0,snpp,medium
2021-04-20 06:35:26,Jawa Barat,Bogor,Gunungputri,0101000020E610000085450380BCB95A40D0E1106047C219C0,snpp,medium
2021-04-20 06:35:26,Jawa Barat,Bogor,Gunungputri,0101000020E61000001AAAFFFF81B95A405D4B4C40E1C219C0,snpp,medium
2021-04-20 06:35:26,Sumatera Barat,Kepulauan Mentawai,Siberut Barat,0101000020E61000003CB801C0ADB95840C464C3FDF43DEDBF,snpp,medium
2021-04-20 06:35:26,Sumatera Barat,Agam,Tanjung Mutiara,0101000020E61000009F6DFB3F83F9584088AD0B058D15D5BF,snpp,medium
2021-04-20 06:35:26,Sumatera Utara,Labuhanbatu,Panei Tengah,0101000020E61000000D9603A03E135940F5F55BBF89060340,snpp,medium
2021-04-20 06:35:26,Sumatera Utara,Labuhanbatu,Panei Tengah,0101000020E6100000A6ED04A03613594086ACD11F580D0340,snpp,medium
2021-04-20 06:35:26,Riau,Rokan Hilir,Bangko,0101000020E6100000B8990280003359406068BFFFA0070040,snpp,low
2021-04-20 06:35:26,Kep. Riau,Batam,Bulang,0101000020E6100000BE700060E9F959406FDC20629CC2EF3F,snpp,medium
2021-04-20 06:35:26,Kalimantan Barat,Pontianak,Mempawah Timur,0101000020E6100000AE9003C002435B402836721FB1C4D53F,snpp,medium
2021-04-20 06:35:26,Kalimantan Barat,Sanggau,Tayan Hilir,0101000020E6100000B2C204A0177A5B40842B5E347DD9B23F,snpp,medium
2021-04-20 02:04:00,Nusa Tenggara Timur,Nagekeo,Aesesa,0101000020E6100000020000E015525E40000000C0ECF720C0,terra,medium
2021-04-20 02:04:00,Nusa Tenggara Timur,Manggarai,Langkerembong,0101000020E6100000010000C0EE1D5E40000000A0433A21C0,terra,medium
2021-04-19 13:39:00,Maluku Utara,Halmahera Selatan,Obi,0101000020E6100000FEFFFF7FBCDB5F40FFFFFF9F0659F7BF,terra,medium
2021-04-20 02:04:00,Sulawesi Tenggara,Konawe,Bondoala,0101000020E610000003000040AE995E40FFFFFF1FEAFD0EC0,terra,medium
2021-04-20 03:40:00,Sumatera Selatan,Ogan Komering Ilir,Tulung Selapan,0101000020E6100000FEFFFF7F025E5A40000000E0E8D207C0,terra,medium
2021-04-20 03:40:00,Jawa Barat,Bekasi,Cikarang Selatan,0101000020E6100000FFFFFFDF76C75A4000000000B95219C0,terra,medium
2021-04-19 15:16:00,Jawa Tengah,Boyolali,Selo,0101000020E6100000FDFFFF5F579C5B4000000020182A1EC0,terra,low
2021-04-20 03:40:00,Sumatera Utara,Labuhan Batu Selatan,Kampung Rakyat,0101000020E6100000FFFFFF3FB71359400100002038DA0040,terra,medium
2021-04-20 02:04:00,Nusa Tenggara Timur,Nagekeo,Aesesa,0101000020E6100000020000E015525E40000000C0ECF720C0,terra,medium
2021-04-20 02:04:00,Nusa Tenggara Timur,Manggarai,Langkerembong,0101000020E6100000010000C0EE1D5E40000000A0433A21C0,terra,medium
2021-04-19 13:39:00,Maluku Utara,Halmahera Selatan,Obi,0101000020E6100000FEFFFF7FBCDB5F40FFFFFF9F0659F7BF,terra,medium
2021-04-20 02:04:00,Sulawesi Tenggara,Konawe,Bondoala,0101000020E610000003000040AE995E40FFFFFF1FEAFD0EC0,terra,medium
2021-04-20 03:40:00,Sumatera Selatan,Ogan Komering Ilir,Tulung Selapan,0101000020E6100000FEFFFF7F025E5A40000000E0E8D207C0,terra,medium
2021-04-20 03:40:00,Jawa Barat,Bekasi,Cikarang Selatan,0101000020E6100000FFFFFFDF76C75A4000000000B95219C0,terra,medium
2021-04-19 15:16:00,Jawa Tengah,Boyolali,Selo,0101000020E6100000FDFFFF5F579C5B4000000020182A1EC0,terra,low
2021-04-20 03:40:00,Sumatera Utara,Labuhan Batu Selatan,Kampung Rakyat,0101000020E6100000FFFFFF3FB71359400100002038DA0040,terra,medium
2021-04-20 04:57:00,Maluku,Maluku Tengah,Seram Utara,0101000020E6100000010000C07529604001000060195507C0,aqua,medium
2021-04-20 04:57:00,Maluku Utara,Halmahera Selatan,Obi,0101000020E610000001000090FEDB5F40FFFFFF2FA260F7BF,aqua,medium
2021-04-20 04:57:00,Sulawesi Utara,Minahasa,Tondano Barat,0101000020E6100000010000C03C3A5F40FEFFFF9FDFC2F43F,aqua,medium
2021-04-20 04:57:00,Sulawesi Utara,Minahasa Selatan,Amurang,0101000020E6100000040000006F245F40FFFFFF3FB4D9F23F,aqua,medium
2021-04-20 02:02:00,Sulawesi Tengah,Tolitoli,Baolan,0101000020E6100000FEFFFF7FC8345E40010000601E95F03F,terra,medium
2021-04-20 02:02:00,Sulawesi Utara,Manado,Mapanget,0101000020E6100000FEFFFF1F123A5F40FEFFFFDF649FF83F,terra,medium
2021-04-20 04:57:00,Maluku,Maluku Tengah,Seram Utara,0101000020E6100000010000C07529604001000060195507C0,aqua,medium
2021-04-20 04:57:00,Maluku Utara,Halmahera Selatan,Obi,0101000020E6100000020000E0B3DB5F40FEFFFF9F5363F7BF,aqua,medium
2021-04-20 04:57:00,Maluku Utara,Halmahera Selatan,Obi,0101000020E6100000FFFFFF3F49DC5F40010000C0F05DF7BF,aqua,medium
2021-04-20 04:57:00,Sulawesi Utara,Minahasa,Tondano Barat,0101000020E6100000010000C03C3A5F40FEFFFF9FDFC2F43F,aqua,medium
2021-04-20 04:57:00,Sulawesi Utara,Minahasa Selatan,Amurang,0101000020E6100000040000006F245F40FFFFFF3FB4D9F23F,aqua,medium
2021-04-20 02:02:00,Sulawesi Tengah,Tolitoli,Baolan,0101000020E6100000FEFFFF7FC8345E40010000601E95F03F,terra,medium
2021-04-20 02:02:00,Sulawesi Utara,Manado,Mapanget,0101000020E6100000FEFFFF1F123A5F40FEFFFFDF649FF83F,terra,medium
2021-04-20 05:44:10,Nusa Tenggara Barat,Sumbawa,Lunyuk,0101000020E61000001DB5FC9F474A5D404B8824406E1522C0,noaa20,medium
2021-04-20 05:44:10,Nusa Tenggara Barat,Bima,Wera,0101000020E6100000845DFB9F8FC15D40CF241C40E0DB20C0,noaa20,medium
2021-04-20 05:44:10,Nusa Tenggara Timur,Sumba Timur,Lewa,0101000020E6100000AECFFF1F65F95D40A190F0FFDB4523C0,noaa20,medium
2021-04-20 05:44:10,Nusa Tenggara Timur,Sumba Timur,Pahungalodu,0101000020E6100000110701E075295E4001521700155624C0,noaa20,medium
2021-04-20 05:44:10,Sulawesi Selatan,Bone,Mare,0101000020E610000086EAFF7F100F5E4005EFF5FFBB4713C0,noaa20,medium
2021-04-20 05:44:10,Kalimantan Selatan,Tanahbumbu,Angsana,0101000020E61000009E07FB9F51E85C40EA1F6540CDFB0CC0,noaa20,medium
2021-04-20 05:44:10,Kalimantan Selatan,Banjar,Pengarom,0101000020E610000098240130DFC55C40225C3B3004110BC0,noaa20,medium
2021-04-20 05:44:10,Kalimantan Selatan,Banjar,Aranio,0101000020E6100000C9B8FB7FC9CB5C4057890500BF4D0CC0,noaa20,medium
2021-04-20 05:44:10,Kalimantan Selatan,Tapin,Lokpaikat,0101000020E6100000A1BB03C0E1CE5C40703646800D8F07C0,noaa20,low
2021-04-20 05:44:10,Kalimantan Selatan,Balangan,Paringin,0101000020E61000007788FB9F6EDB5C40DEDAD31FAB5502C0,noaa20,medium
2021-04-20 05:44:10,Kalimantan Selatan,Balangan,Halong,0101000020E61000003D1E02609FEF5C40AA317C9F05EC02C0,noaa20,medium
2021-04-20 05:44:10,Kalimantan Selatan,Baru,Pamukan Selatan,0101000020E61000004600FDDF0D175D4003B2959F6DD804C0,noaa20,medium
2021-04-20 05:44:10,Kalimantan Selatan,Baru,Sampanahan,0101000020E6100000F369FC5F81165D400ED43100B7D304C0,noaa20,medium
2021-04-20 05:44:10,Sulawesi Barat,Mamasa,Buntumalangka,0101000020E61000006EA6002080CA5D4080AB6500E27D06C0,noaa20,medium
2021-04-20 05:44:10,Sulawesi Selatan,Luwu Utara,Baebunta,0101000020E610000035F9FBFF17125E40FCA2EB5FE58204C0,noaa20,medium
2021-04-20 05:44:10,Sulawesi Barat,Mamuju,Kalumpang,0101000020E610000043B603E0A5E55D40DDB54260FED502C0,noaa20,medium
2021-04-20 05:44:10,Sulawesi Barat,Mamuju,Kalumpang,0101000020E610000075B0FECFE1E05D4053E9E57F0BB503C0,noaa20,medium
2021-04-20 05:44:10,Sulawesi Barat,Mamuju,Kalumpang,0101000020E6100000D54EFF1F48DF5D40EC97DBFFF80904C0,noaa20,medium
2021-04-20 05:44:10,Sulawesi Barat,Mamuju Utara,Dapurang,0101000020E610000059ACFABF57DE5D4084C8D8BFA126FCBF,noaa20,medium
2021-04-20 05:44:10,Sulawesi Tengah,Parigimoutong,Toribulu,0101000020E6100000179F02607CFD5D4049F0E95EE5D8D3BF,noaa20,medium
2021-04-20 05:44:10,Kalimantan Tengah,Kapuas,Mantangai,0101000020E6100000247402609D885C4057389380E2B1F4BF,noaa20,medium
2021-04-20 05:44:10,Kalimantan Tengah,Kapuas,Tamban Catur,0101000020E61000008584FFDF1E935C40C5EDC83FD0D509C0,noaa20,medium
2021-04-20 05:44:10,Kalimantan Tengah,Katingan,Katingankuala,0101000020E610000050CAFF3FE9545C401FC2953F219309C0,noaa20,medium
2021-04-20 05:44:10,Kalimantan Tengah,Sukamara,Sukamara,0101000020E61000001B4FFCFF95CB5B4044EF7D3F6FF904C0,noaa20,medium
2021-04-20 05:44:10,Kalimantan Tengah,Lamandau,Bulik,0101000020E6100000F89BFD3F96D55B4043E4572038A600C0,noaa20,medium
2021-04-20 05:44:10,Kalimantan Barat,Ketapang,Matan Hilir Selatan,0101000020E61000001E1BFD3FF99B5B40F43BA81F2F4F00C0,noaa20,medium
2021-04-20 05:44:10,Kalimantan Barat,Ketapang,Matan Hilir Selatan,0101000020E6100000D3A90220749B5B407C129680B15100C0,noaa20,medium
2021-04-20 05:44:10,Kalimantan Barat,Ketapang,Matan Hilir Selatan,0101000020E6100000D7F3FB1F1C9C5B40B70DA320786C00C0,noaa20,medium
2021-04-20 05:44:10,Kalimantan Barat,Ketapang,Kendawangan,0101000020E6100000CB4500606A985B40DE6709F0E5A302C0,noaa20,medium
2021-04-20 05:44:10,Kalimantan Barat,Ketapang,Kendawangan,0101000020E610000039EC00804A9B5B4005055220BB1C07C0,noaa20,medium
2021-04-20 05:44:10,Kalimantan Barat,Ketapang,Kendawangan,0101000020E6100000A937FE9F9E925B40A17E7AE0216C07C0,noaa20,medium
2021-04-20 05:44:10,Kep. Bangka Belitung,Bangka Selatan,Toboali,0101000020E61000001B1000A0D3A55A4043D6E80FAC0207C0,noaa20,medium
2021-04-20 05:44:10,Jawa Barat,Bogor,Gunungputri,0101000020E61000003454FFFF83B95A40012A45C05BC319C0,noaa20,medium
2021-04-20 05:44:10,Jawa Barat,Kuningan,Cipicung,0101000020E6100000D6750360D7215B409539E9BFFFC91BC0,noaa20,medium
2021-04-20 05:44:10,Jawa Tengah,Semarang,Mijen,0101000020E61000000F7AFCFF74965B40E8674DA046151CC0,noaa20,medium
2021-04-20 05:44:10,Jawa Tengah,Semarang,Genuk,0101000020E61000000B300300CD9D5B40B0F3C2DF27CD1BC0,noaa20,medium
2021-04-20 05:44:10,Jawa Tengah,Demak,Mranggen,0101000020E61000006D4000800EA35B407C0C1480982B1CC0,noaa20,medium
2021-04-20 05:44:10,Jawa Tengah,Grobogan,Godong,0101000020E61000008729FCDF72AF5B40B33DBCDF4F521CC0,noaa20,medium
2021-04-20 05:44:10,Jawa Tengah,Demak,Karangawen,0101000020E61000006F0C01C031A45B405DE13C20F9241CC0,noaa20,low
2021-04-20 05:44:10,Jawa Tengah,Kudus,Bae,0101000020E61000004600FDDF8DB65B40BBCF12E0CB231BC0,noaa20,low
2021-04-20 05:44:10,Jawa Tengah,Demak,Sayung,0101000020E61000003A1F015003A35B40A4C7CE5F11BD1BC0,noaa20,medium
2021-04-20 05:44:10,Jawa Tengah,Blora,Blora,0101000020E6100000375FFC9F49DA5B40C80FF0FF3EF61BC0,noaa20,medium
2021-04-20 05:44:10,Jawa Timur,Nganjuk,Loceret,0101000020E610000006D7FDDFA8F85B40EC5711A06CB71EC0,noaa20,medium
2021-04-20 05:44:10,Jawa Timur,Kediri,Kota Kediri,0101000020E610000046820420C9005C406167F1FF362D1FC0,noaa20,low
2021-04-20 05:44:10,Jawa Timur,Gresik,Driyorejo,0101000020E610000082B8FE9F3B255C403844C3FFA9821DC0,noaa20,low
2021-04-20 05:44:10,Jawa Tengah,Boyolali,Ampel,0101000020E610000011C8048013A05B40596C30600BB61DC0,noaa20,medium
2021-04-20 05:44:10,Jawa Tengah,Magelang,Srumbung,0101000020E6100000BD49FC1F5A9C5B40144052C04D2D1EC0,noaa20,medium
2021-04-20 05:44:10,Jawa Tengah,Sukoharjo,Kartasura,0101000020E610000060AAFCDFCFB05B40B08B2640E2451EC0,noaa20,low
2021-04-20 05:44:10,Jawa Tengah,Boyolali,Banyudono,0101000020E6100000CED20440CBAC5B4055E408002B271EC0,noaa20,low
2021-04-20 05:44:10,Jawa Tengah,Sukoharjo,Grogol,0101000020E610000047E804C0FAB25B40F1F321A0A9501EC0,noaa20,low
2021-04-20 05:44:10,Jawa Tengah,Karanganyar,Jaten,0101000020E610000086EAFF7F10BA5B4050DEE8DF05541EC0,noaa20,medium
2021-04-20 05:44:10,Sumatera Utara,Binjai,Binjai Kota,0101000020E61000008B4F01309EA058405C3831A0EEA60C40,noaa20,medium
2021-04-20 05:44:10,Riau,Kepulauan Meranti,Rangsang Barat,0101000020E61000006110FD7FC1AB5940DB94C020C865F13F,noaa20,medium
2021-04-20 05:44:10,Kep. Riau,Batam,Galang,0101000020E6100000277FFFFF620D5A408158999D0333EA3F,noaa20,medium
2021-04-20 05:44:10,Gorontalo,Gorontalo,Telaga Biru,0101000020E61000008279024099C35E40335DDB1D4A3BE53F,noaa20,medium
2021-04-20 05:44:10,Nusa Tenggara Barat,Sumbawa,Lunyuk,0101000020E61000001DB5FC9F474A5D404B8824406E1522C0,noaa20,medium
2021-04-20 05:44:10,Nusa Tenggara Barat,Bima,Wera,0101000020E6100000845DFB9F8FC15D40CF241C40E0DB20C0,noaa20,medium
2021-04-20 05:44:10,Nusa Tenggara Timur,Sumba Timur,Lewa,0101000020E6100000AECFFF1F65F95D40A190F0FFDB4523C0,noaa20,medium
2021-04-20 05:44:10,Nusa Tenggara Timur,Sumba Timur,Pahungalodu,0101000020E6100000110701E075295E4001521700155624C0,noaa20,medium
2021-04-20 05:44:10,Sulawesi Selatan,Bone,Mare,0101000020E610000086EAFF7F100F5E4005EFF5FFBB4713C0,noaa20,medium
2021-04-20 05:44:10,Kalimantan Selatan,Tanahbumbu,Angsana,0101000020E61000009E07FB9F51E85C40EA1F6540CDFB0CC0,noaa20,medium
2021-04-20 05:44:10,Kalimantan Selatan,Banjar,Pengarom,0101000020E610000085450380FCC55C4024204F6074100BC0,noaa20,medium
2021-04-20 05:44:10,Kalimantan Selatan,Banjar,Pengarom,0101000020E6100000AC03FFDFC1C55C401F98270094110BC0,noaa20,medium
2021-04-20 05:44:10,Kalimantan Selatan,Banjar,Aranio,0101000020E6100000C9B8FB7FC9CB5C4057890500BF4D0CC0,noaa20,medium
2021-04-20 05:44:10,Kalimantan Selatan,Tapin,Lokpaikat,0101000020E6100000A1BB03C0E1CE5C40703646800D8F07C0,noaa20,low
2021-04-20 05:44:10,Kalimantan Selatan,Balangan,Paringin,0101000020E61000007788FB9F6EDB5C40DEDAD31FAB5502C0,noaa20,medium
2021-04-20 05:44:10,Kalimantan Selatan,Balangan,Halong,0101000020E61000003D1E02609FEF5C40AA317C9F05EC02C0,noaa20,medium
2021-04-20 05:44:10,Kalimantan Selatan,Baru,Pamukan Selatan,0101000020E61000004600FDDF0D175D4003B2959F6DD804C0,noaa20,medium
2021-04-20 05:44:10,Kalimantan Selatan,Baru,Sampanahan,0101000020E6100000F369FC5F81165D400ED43100B7D304C0,noaa20,medium
2021-04-20 05:44:10,Sulawesi Barat,Mamasa,Buntumalangka,0101000020E61000006EA6002080CA5D4080AB6500E27D06C0,noaa20,medium
2021-04-20 05:44:10,Sulawesi Selatan,Luwu Utara,Baebunta,0101000020E610000035F9FBFF17125E40FCA2EB5FE58204C0,noaa20,medium
2021-04-20 05:44:10,Sulawesi Barat,Mamuju,Kalumpang,0101000020E610000043B603E0A5E55D40DDB54260FED502C0,noaa20,medium
2021-04-20 05:44:10,Sulawesi Barat,Mamuju,Kalumpang,0101000020E6100000086402C0E9E05D4077478CBF69B903C0,noaa20,medium
2021-04-20 05:44:10,Sulawesi Barat,Mamuju,Kalumpang,0101000020E6100000D54EFF1F48DF5D40EC97DBFFF80904C0,noaa20,medium
2021-04-20 05:44:10,Sulawesi Barat,Mamuju,Kalumpang,0101000020E6100000E1FCFADFD9E05D40308B3F40ADB003C0,noaa20,medium
2021-04-20 05:44:10,Sulawesi Barat,Mamuju Utara,Dapurang,0101000020E610000059ACFABF57DE5D4084C8D8BFA126FCBF,noaa20,medium
2021-04-20 05:44:10,Sulawesi Tengah,Parigimoutong,Toribulu,0101000020E6100000179F02607CFD5D4049F0E95EE5D8D3BF,noaa20,medium
2021-04-20 05:44:10,Kalimantan Tengah,Kapuas,Mantangai,0101000020E6100000247402609D885C4057389380E2B1F4BF,noaa20,medium
2021-04-20 05:44:10,Kalimantan Tengah,Kapuas,Tamban Catur,0101000020E61000008584FFDF1E935C40C5EDC83FD0D509C0,noaa20,medium
2021-04-20 05:44:10,Kalimantan Tengah,Katingan,Katingankuala,0101000020E610000050CAFF3FE9545C401FC2953F219309C0,noaa20,medium
2021-04-20 05:44:10,Kalimantan Tengah,Sukamara,Sukamara,0101000020E61000001B4FFCFF95CB5B4044EF7D3F6FF904C0,noaa20,medium
2021-04-20 05:44:10,Kalimantan Tengah,Lamandau,Bulik,0101000020E6100000F89BFD3F96D55B4043E4572038A600C0,noaa20,medium
2021-04-20 05:44:10,Kalimantan Barat,Ketapang,Matan Hilir Selatan,0101000020E61000001E1BFD3FF99B5B40F43BA81F2F4F00C0,noaa20,medium
2021-04-20 05:44:10,Kalimantan Barat,Ketapang,Matan Hilir Selatan,0101000020E6100000D3A90220749B5B407C129680B15100C0,noaa20,medium
2021-04-20 05:44:10,Kalimantan Barat,Ketapang,Matan Hilir Selatan,0101000020E6100000D7F3FB1F1C9C5B40B70DA320786C00C0,noaa20,medium
2021-04-20 05:44:10,Kalimantan Barat,Ketapang,Kendawangan,0101000020E6100000B15C040066985B40A2D091E036A002C0,noaa20,medium
2021-04-20 05:44:10,Kalimantan Barat,Ketapang,Kendawangan,0101000020E6100000E52EFCBF6E985B4019FF80FF94A702C0,noaa20,medium
2021-04-20 05:44:10,Kalimantan Barat,Ketapang,Kendawangan,0101000020E610000039EC00804A9B5B4005055220BB1C07C0,noaa20,medium
2021-04-20 05:44:10,Kalimantan Barat,Ketapang,Kendawangan,0101000020E6100000A937FE9F9E925B40A17E7AE0216C07C0,noaa20,medium
2021-04-20 05:44:10,Kep. Bangka Belitung,Bangka Selatan,Toboali,0101000020E6100000D58DFB7FEAA55A40EBB146A06E0607C0,noaa20,medium
2021-04-20 05:44:10,Kep. Bangka Belitung,Bangka Selatan,Toboali,0101000020E6100000619204C0BCA55A409AFA8A7FE9FE06C0,noaa20,medium
2021-04-20 05:44:10,Jawa Barat,Bogor,Gunungputri,0101000020E61000003454FFFF83B95A40012A45C05BC319C0,noaa20,medium
2021-04-20 05:44:10,Jawa Barat,Kuningan,Cipicung,0101000020E6100000D6750360D7215B409539E9BFFFC91BC0,noaa20,medium
2021-04-20 05:44:10,Jawa Tengah,Semarang,Mijen,0101000020E61000000F7AFCFF74965B40E8674DA046151CC0,noaa20,medium
2021-04-20 05:44:10,Jawa Tengah,Semarang,Genuk,0101000020E61000000B300300CD9D5B40B0F3C2DF27CD1BC0,noaa20,medium
2021-04-20 05:44:10,Jawa Tengah,Demak,Mranggen,0101000020E61000006D4000800EA35B407C0C1480982B1CC0,noaa20,medium
2021-04-20 05:44:10,Jawa Tengah,Grobogan,Godong,0101000020E61000008729FCDF72AF5B40B33DBCDF4F521CC0,noaa20,medium
2021-04-20 05:44:10,Jawa Tengah,Demak,Karangawen,0101000020E61000006F0C01C031A45B405DE13C20F9241CC0,noaa20,low
2021-04-20 05:44:10,Jawa Tengah,Kudus,Bae,0101000020E61000004600FDDF8DB65B40BBCF12E0CB231BC0,noaa20,low
2021-04-20 05:44:10,Jawa Tengah,Demak,Sayung,0101000020E61000001BD1034011A35B401BA6F07FCBBC1BC0,noaa20,medium
2021-04-20 05:44:10,Jawa Tengah,Demak,Sayung,0101000020E6100000596DFE5FF5A25B402DE9AC3F57BD1BC0,noaa20,medium
2021-04-20 05:44:10,Jawa Tengah,Blora,Blora,0101000020E6100000375FFC9F49DA5B40C80FF0FF3EF61BC0,noaa20,medium
2021-04-20 05:44:10,Jawa Timur,Nganjuk,Loceret,0101000020E610000006D7FDDFA8F85B40EC5711A06CB71EC0,noaa20,medium
2021-04-20 05:44:10,Jawa Timur,Kediri,Kota Kediri,0101000020E610000046820420C9005C406167F1FF362D1FC0,noaa20,low
2021-04-20 05:44:10,Jawa Timur,Gresik,Driyorejo,0101000020E610000082B8FE9F3B255C403844C3FFA9821DC0,noaa20,low
2021-04-20 05:44:10,Jawa Tengah,Boyolali,Ampel,0101000020E610000011C8048013A05B40596C30600BB61DC0,noaa20,medium
2021-04-20 05:44:10,Jawa Tengah,Magelang,Srumbung,0101000020E6100000BD49FC1F5A9C5B40144052C04D2D1EC0,noaa20,medium
2021-04-20 05:44:10,Jawa Tengah,Sukoharjo,Kartasura,0101000020E610000060AAFCDFCFB05B40B08B2640E2451EC0,noaa20,low
2021-04-20 05:44:10,Jawa Tengah,Boyolali,Banyudono,0101000020E6100000CED20440CBAC5B4055E408002B271EC0,noaa20,low
2021-04-20 05:44:10,Jawa Tengah,Sukoharjo,Grogol,0101000020E610000047E804C0FAB25B40F1F321A0A9501EC0,noaa20,low
2021-04-20 05:44:10,Jawa Tengah,Karanganyar,Jaten,0101000020E610000086EAFF7F10BA5B4050DEE8DF05541EC0,noaa20,medium
2021-04-20 05:44:10,Sumatera Utara,Binjai,Binjai Kota,0101000020E6100000153902C08AA0584097340C401FA40C40,noaa20,medium
2021-04-20 05:44:10,Sumatera Utara,Binjai,Binjai Kota,0101000020E6100000016600A0B1A05840223C5600BEA90C40,noaa20,medium
2021-04-20 05:44:10,Riau,Kepulauan Meranti,Rangsang Barat,0101000020E61000006110FD7FC1AB5940DB94C020C865F13F,noaa20,medium
2021-04-20 05:44:10,Kep. Riau,Batam,Galang,0101000020E6100000277FFFFF620D5A408158999D0333EA3F,noaa20,medium
2021-04-20 05:44:10,Gorontalo,Gorontalo,Telaga Biru,0101000020E61000008279024099C35E40335DDB1D4A3BE53F,noaa20,medium
2021-04-19 17:07:24,Nusa Tenggara Timur,Sumba Timur,Pahungalodu,0101000020E6100000EFB902C067295E406B45DDFFAE5624C0,noaa20,medium
2021-04-20 04:07:26,Maluku,Kepulauan Aru,Aru Selatan,0101000020E610000054FC0020DEC3604080984A60EF691AC0,noaa20,medium
2021-04-20 04:07:26,Papua,Jayawijaya,Libarek,0101000020E6100000FC8E02C0C85E6140BEAFFCBF0B0B10C0,noaa20,medium
2021-04-20 04:07:26,Papua,Jayawijaya,Napua,0101000020E6100000FC8E02C0E85C61402AC6B77F7E6E10C0,noaa20,medium
2021-04-19 17:07:24,Kalimantan Selatan,Tapin,Lokpaikat,0101000020E61000003321FF2FEBCE5C406244CB4FE48807C0,noaa20,medium
2021-04-19 17:07:24,Kalimantan Timur,Paser,Batu Sopang,0101000020E610000054C9005005F75C4035D2EF4E8091FDBF,noaa20,medium
2021-04-19 17:07:24,Kalimantan Timur,Paser,Batu Sopang,0101000020E610000090B402E06BF65C4041B62C5F9711FEBF,noaa20,medium
2021-04-19 17:07:24,Kalimantan Timur,Paser,Batu Sopang,0101000020E610000065030200F4F85C402549C6206605FEBF,noaa20,medium
2021-04-19 17:07:24,Kalimantan Selatan,Baru,Pamukan Selatan,0101000020E610000095250020A3165D403848A900EFCF04C0,noaa20,medium
2021-04-19 17:07:24,Kalimantan Tengah,Waringin Timur,Antangkalang,0101000020E6100000C9B8FB7F09215C40572CB8FEE1B7F9BF,noaa20,medium
2021-04-19 17:07:24,Kalimantan Tengah,Pulangpisau,Kahayan Kuala,0101000020E610000032FAFAEFFB765C4029F81A40C74008C0,noaa20,medium
2021-04-19 17:07:24,Kalimantan Barat,Ketapang,Kendawangan,0101000020E6100000357B0340538A5B40DBB97A5FA6E702C0,noaa20,medium
2021-04-19 18:52:40,Sumatera Selatan,Penukal Abab Lematang Ilir,Talang Ubi,0101000020E6100000747DFEFF68005A40D30B253029E40AC0,noaa20,medium
2021-04-19 18:52:40,Jawa Barat,Karawang,Rengasdengklok,0101000020E61000004F64FF9FB7D45A40C5D9DF9F73DB18C0,noaa20,medium
2021-04-19 17:07:24,Nusa Tenggara Timur,Sumba Timur,Pahungalodu,0101000020E6100000EFB902C067295E406B45DDFFAE5624C0,noaa20,medium
2021-04-20 04:07:26,Maluku,Kepulauan Aru,Aru Selatan,0101000020E610000054FC0020DEC3604080984A60EF691AC0,noaa20,medium
2021-04-20 04:07:26,Papua,Jayawijaya,Libarek,0101000020E6100000FC8E02C0C85E6140BEAFFCBF0B0B10C0,noaa20,medium
2021-04-20 04:07:26,Papua,Jayawijaya,Napua,0101000020E6100000FC8E02C0E85C61402AC6B77F7E6E10C0,noaa20,medium
2021-04-19 17:07:24,Kalimantan Selatan,Tapin,Lokpaikat,0101000020E61000002EBCFD7FFDCE5C402921BB7FEA8707C0,noaa20,medium
2021-04-19 17:07:24,Kalimantan Selatan,Tapin,Lokpaikat,0101000020E6100000388600E0D8CE5C409A67DB1FDE8907C0,noaa20,medium
2021-04-19 17:07:24,Kalimantan Timur,Paser,Batu Sopang,0101000020E6100000FA28022017F75C407BB3D5FE3191FDBF,noaa20,medium
2021-04-19 17:07:24,Kalimantan Timur,Paser,Batu Sopang,0101000020E6100000AD69FF7FF3F65C40F0F0099FCE91FDBF,noaa20,medium
2021-04-19 17:07:24,Kalimantan Timur,Paser,Batu Sopang,0101000020E610000090B402E06BF65C4041B62C5F9711FEBF,noaa20,medium
2021-04-19 17:07:24,Kalimantan Timur,Paser,Batu Sopang,0101000020E610000065030200F4F85C402549C6206605FEBF,noaa20,medium
2021-04-19 17:07:24,Kalimantan Selatan,Baru,Pamukan Selatan,0101000020E610000095250020A3165D403848A900EFCF04C0,noaa20,medium
2021-04-19 17:07:24,Kalimantan Tengah,Waringin Timur,Antangkalang,0101000020E6100000C9B8FB7F09215C40572CB8FEE1B7F9BF,noaa20,medium
2021-04-19 17:07:24,Kalimantan Tengah,Pulangpisau,Kahayan Kuala,0101000020E6100000ABDCFA9FF2765C4086D616E0B34408C0,noaa20,medium
2021-04-19 17:07:24,Kalimantan Tengah,Pulangpisau,Kahayan Kuala,0101000020E6100000B917FB3F05775C40CC191FA0DA3C08C0,noaa20,medium
2021-04-19 17:07:24,Kalimantan Barat,Ketapang,Kendawangan,0101000020E6100000357B0340538A5B40DBB97A5FA6E702C0,noaa20,medium
2021-04-19 18:52:40,Sumatera Selatan,Penukal Abab Lematang Ilir,Talang Ubi,0101000020E61000001EDC00E056005A40FE2FF03FA6E30AC0,noaa20,medium
2021-04-19 18:52:40,Sumatera Selatan,Penukal Abab Lematang Ilir,Talang Ubi,0101000020E6100000CA1EFC1F7B005A40A8E75920ACE40AC0,noaa20,medium
2021-04-19 18:52:40,Jawa Barat,Karawang,Rengasdengklok,0101000020E61000004F64FF9FB7D45A40C5D9DF9F73DB18C0,noaa20,medium
2021-04-19 06:04:31,Nusa Tenggara Timur,Sumba Tengah,Umbu Ratu Nggay,0101000020E6100000BA7DFBDF76EE5D402DFF086056F622C0,noaa20,medium
2021-04-19 06:04:31,Kalimantan Selatan,Baru,Kelumpang Hulu,0101000020E6100000AC03FFDF01F95C406DD06E5FCDE207C0,noaa20,medium
2021-04-19 06:04:31,Kalimantan Selatan,Baru,Kelumpang Hulu,0101000020E610000071B1FDBF45FA5C409F76B64FE06C08C0,noaa20,medium
2021-04-19 06:04:31,Sulawesi Barat,Mamasa,Buntumalangka,0101000020E6100000676753D550C95D40150647F513C506C0,noaa20,medium
2021-04-19 06:04:31,Kalimantan Tengah,Gunung Mas,Manuhing,0101000020E6100000ABDCFA9F325F5C40B63CC560B40DF7BF,noaa20,medium
2021-04-19 06:04:31,Kalimantan Barat,Ketapang,Manisamata,0101000020E61000009D8902E08CC45B4093186780C97D04C0,noaa20,low
2021-04-19 06:04:31,Kalimantan Barat,Ketapang,Matan Hilir Selatan,0101000020E61000007CA20460F09C5B40491D709F4D3500C0,noaa20,medium
2021-04-19 06:04:31,Kalimantan Barat,Ketapang,Kendawangan,0101000020E61000008CC1FD5FB9A25B402124875F1C1205C0,noaa20,medium
2021-04-19 06:04:31,Kalimantan Barat,Ketapang,Kendawangan,0101000020E610000046C100806BA85B40532D96E0DC0005C0,noaa20,medium
2021-04-19 06:04:31,Kep. Bangka Belitung,Belitung,Membalong,0101000020E6100000811302A067E85A4091F571C0F04A09C0,noaa20,medium
2021-04-19 06:04:31,Kep. Bangka Belitung,Belitung,Membalong,0101000020E61000006F0C01C031EF5A4003E0E9DF3F0F08C0,noaa20,medium
2021-04-19 06:04:31,Sumatera Selatan,Lubuk Linggau,Lubuklinggau Selatan,0101000020E6100000645E0500E0BA594043CBBA7F2C940AC0,noaa20,medium
2021-04-19 06:04:31,Sumatera Selatan,Banyuasin,Banyuasin I,0101000020E610000090B402E02B3C5A40C727E81F12F808C0,noaa20,medium
2021-04-19 06:04:31,Kep. Bangka Belitung,Bangka,Mendo Barat,0101000020E6100000CF7701405F745A40A1B9903FFF2202C0,noaa20,medium
2021-04-19 06:04:31,Kep. Bangka Belitung,Bangka Selatan,Air Gegas,0101000020E61000006A74FF3F2B995A405C3AA420919106C0,noaa20,medium
2021-04-19 06:04:31,Kep. Bangka Belitung,Bangka Selatan,Simpang Rimba,0101000020E610000075E3FE9F1A7E5A4044B467E0914A06C0,noaa20,medium
2021-04-19 06:04:31,Lampung,Way Kanan,Negeri Besar,0101000020E61000004E250340953D5A404CAF2880BDB511C0,noaa20,medium
2021-04-19 06:04:31,Lampung,Tulangbawang,Gedung Meneng,0101000020E6100000BA3EFF7F14665A40D204062020A511C0,noaa20,medium
2021-04-19 06:04:31,Sumatera Selatan,Lahat,Merapi,0101000020E6100000153902C04AF05940728068FF66EE0DC0,noaa20,medium
2021-04-19 06:04:31,Bengkulu,Seluma,Talo,0101000020E6100000AA5E02E0EDA859405B3C402065A610C0,noaa20,medium
2021-04-19 06:04:31,Jawa Barat,Bekasi,Medan Satria,0101000020E610000085C3FB3F01BF5A404D3EC95F52C718C0,noaa20,medium
2021-04-19 06:04:31,Jawa Barat,Bandung,Dayeuh Kolot,0101000020E610000011C8048093E75A408BF1ED9F9FDC1BC0,noaa20,medium
2021-04-19 06:04:31,Jawa Barat,Bandung,Arjasari,0101000020E61000007749FF3F0CE65A40F8474A406D281CC0,noaa20,low
2021-04-19 06:04:31,Jawa Barat,Bandung,Majalaya,0101000020E61000006B9B0380BAEF5A40206C464064311CC0,noaa20,medium
2021-04-19 06:04:31,Aceh,Aceh Timur,Ranto Peureulak,0101000020E61000008E5AFECFE36D5840D5DF12807FEE1240,noaa20,medium
2021-04-19 06:04:31,Nusa Tenggara Timur,Sumba Tengah,Umbu Ratu Nggay,0101000020E6100000BA7DFBDF76EE5D402DFF086056F622C0,noaa20,medium
2021-04-19 06:04:31,Kalimantan Selatan,Baru,Kelumpang Hulu,0101000020E6100000AC03FFDF01F95C406DD06E5FCDE207C0,noaa20,medium
2021-04-19 06:04:31,Kalimantan Selatan,Baru,Kelumpang Hulu,0101000020E61000004CD7FABF36FA5C401ABC751FFC6B08C0,noaa20,medium
2021-04-19 06:04:31,Kalimantan Selatan,Baru,Kelumpang Hulu,0101000020E6100000968B00C054FA5C402431F77FC46D08C0,noaa20,medium
2021-04-19 06:04:31,Sulawesi Barat,Mamasa,Buntumalangka,0101000020E61000004DBF02A023C95D4033D493BF9CC506C0,noaa20,medium
2021-04-19 06:04:31,Sulawesi Barat,Mamasa,Buntumalangka,0101000020E610000067E7FA5F6AC95D40F4C195602FC406C0,noaa20,medium
2021-04-19 06:04:31,Sulawesi Barat,Mamasa,Buntumalangka,0101000020E6100000888FFC7F64C95D401A7CABBF6FC506C0,noaa20,medium
2021-04-19 06:04:31,Kalimantan Tengah,Gunung Mas,Manuhing,0101000020E6100000ABDCFA9F325F5C40B63CC560B40DF7BF,noaa20,medium
2021-04-19 06:04:31,Kalimantan Barat,Ketapang,Manisamata,0101000020E61000009D8902E08CC45B4093186780C97D04C0,noaa20,low
2021-04-19 06:04:31,Kalimantan Barat,Ketapang,Matan Hilir Selatan,0101000020E61000007CA20460F09C5B40491D709F4D3500C0,noaa20,medium
2021-04-19 06:04:31,Kalimantan Barat,Ketapang,Kendawangan,0101000020E61000007D20FD1FB5A25B40797E6A1F9F0E05C0,noaa20,low
2021-04-19 06:04:31,Kalimantan Barat,Ketapang,Kendawangan,0101000020E61000009C62FE9FBDA25B40C9C9A39F991505C0,noaa20,medium
2021-04-19 06:04:31,Kalimantan Barat,Ketapang,Kendawangan,0101000020E610000046C100806BA85B40532D96E0DC0005C0,noaa20,medium
2021-04-19 06:04:31,Kep. Bangka Belitung,Belitung,Membalong,0101000020E6100000811302A067E85A4091F571C0F04A09C0,noaa20,medium
2021-04-19 06:04:31,Kep. Bangka Belitung,Belitung,Membalong,0101000020E61000006F0C01C031EF5A4003E0E9DF3F0F08C0,noaa20,medium
2021-04-19 06:04:31,Sumatera Selatan,Lubuk Linggau,Lubuklinggau Selatan,0101000020E6100000645E0500E0BA594043CBBA7F2C940AC0,noaa20,medium
2021-04-19 06:04:31,Sumatera Selatan,Banyuasin,Banyuasin I,0101000020E610000090B402E02B3C5A40C727E81F12F808C0,noaa20,medium
2021-04-19 06:04:31,Kep. Bangka Belitung,Bangka,Mendo Barat,0101000020E6100000CF7701405F745A40A1B9903FFF2202C0,noaa20,medium
2021-04-19 06:04:31,Kep. Bangka Belitung,Bangka Selatan,Air Gegas,0101000020E61000006A74FF3F2B995A405C3AA420919106C0,noaa20,medium
2021-04-19 06:04:31,Kep. Bangka Belitung,Bangka Selatan,Simpang Rimba,0101000020E610000075E3FE9F1A7E5A4044B467E0914A06C0,noaa20,medium
2021-04-19 06:04:31,Lampung,Way Kanan,Negeri Besar,0101000020E61000004E250340953D5A404CAF2880BDB511C0,noaa20,medium
2021-04-19 06:04:31,Lampung,Tulangbawang,Gedung Meneng,0101000020E6100000BA3EFF7F14665A40D204062020A511C0,noaa20,medium
2021-04-19 06:04:31,Sumatera Selatan,Lahat,Merapi,0101000020E6100000153902C04AF05940728068FF66EE0DC0,noaa20,medium
2021-04-19 06:04:31,Bengkulu,Seluma,Talo,0101000020E6100000AA5E02E0EDA859405B3C402065A610C0,noaa20,medium
2021-04-19 06:04:31,Jawa Barat,Bekasi,Medan Satria,0101000020E610000085C3FB3F01BF5A404D3EC95F52C718C0,noaa20,medium
2021-04-19 06:04:31,Jawa Barat,Bandung,Dayeuh Kolot,0101000020E610000011C8048093E75A408BF1ED9F9FDC1BC0,noaa20,medium
2021-04-19 06:04:31,Jawa Barat,Bandung,Arjasari,0101000020E61000007749FF3F0CE65A40F8474A406D281CC0,noaa20,low
2021-04-19 06:04:31,Jawa Barat,Bandung,Majalaya,0101000020E61000006B9B0380BAEF5A40206C464064311CC0,noaa20,medium
2021-04-19 06:04:31,Aceh,Aceh Timur,Ranto Peureulak,0101000020E6100000CDEAFC5FDE6D5840AF38414063EF1240,noaa20,medium
2021-04-19 06:04:31,Aceh,Aceh Timur,Ranto Peureulak,0101000020E610000050CAFF3FE96D5840FE86E4BF9BED1240,noaa20,medium
2021-04-19 04:24:57,Papua,Asmat,Suator,0101000020E6100000D98000007D6F614027A7D13F1C0716C0,noaa20,medium
2021-04-19 04:24:57,Papua,Asmat,Suator,0101000020E6100000D98000007D6F614027A7D13F1C0716C0,noaa20,medium
2021-04-18 17:24:54,Nusa Tenggara Timur,Sumba Timur,Pahungalodu,0101000020E6100000EA48058070295E409259FFDFBF5624C0,noaa20,medium
2021-04-18 17:24:54,Nusa Tenggara Timur,Kupang,Fatuleu Barat,0101000020E6100000566201C0EFE85E40FEF0F3DF83CB23C0,noaa20,medium
2021-04-18 17:24:54,Maluku Utara,Halmahera Selatan,Obi,0101000020E6100000A1BB03C001DC5F408F08BE505D54F7BF,noaa20,medium
2021-04-18 17:24:54,Kalimantan Selatan,Tanahbumbu,Angsana,0101000020E61000009E07FB9F51E85C40432013004EFD0CC0,noaa20,medium
2021-04-18 17:24:54,Kalimantan Selatan,Tanahbumbu,Satui,0101000020E610000086EAFF7FD0D75C4016D097201B570EC0,noaa20,medium
2021-04-18 17:24:54,Kalimantan Selatan,Tanahbumbu,Kusanhulu,0101000020E61000008729FCDFF2E75C40202A096035E40BC0,noaa20,medium
2021-04-18 17:24:54,Kalimantan Selatan,Tapin,Lokpaikat,0101000020E610000061D10020DFCE5C4097C47A1F1E8C07C0,noaa20,medium
2021-04-18 17:24:54,Kalimantan Selatan,Tapin,Lokpaikat,0101000020E6100000CCAB00007CCF5C4055CB6B5F1F7907C0,noaa20,medium
2021-04-18 17:24:54,Kalimantan Timur,Paser,Batu Sopang,0101000020E61000008FCCFAFFFEF65C4030378C40C48FFDBF,noaa20,medium
2021-04-18 17:24:54,Kalimantan Timur,Paser,Batu Sopang,0101000020E6100000CCAB0000FCF65C40BF0796C039F5FDBF,noaa20,medium
2021-04-18 17:24:54,Kalimantan Tengah,Pulangpisau,Kahayan Kuala,0101000020E61000000B3003004D705C40B1E07EC0032B08C0,noaa20,medium
2021-04-18 17:24:54,Kalimantan Tengah,Pulangpisau,Kahayan Kuala,0101000020E61000001BD10340D1765C4085338D60C24408C0,noaa20,medium
2021-04-18 17:24:54,Banten,Serang,Kibin,0101000020E610000060AAFCDF0F945A403C8DEEFF67BD18C0,noaa20,medium
2021-04-18 17:24:54,Jawa Barat,Karawang,Rawamerta,0101000020E6100000E8FAFCFFD1D45A40C9CB16203CE018C0,noaa20,medium
2021-04-18 17:24:54,Jawa Timur,Situbondo,Kapongan,0101000020E610000091F3FE3FAE865C40E43E07D0CEDB1EC0,noaa20,medium
2021-04-18 17:24:54,Jawa Timur,Mojokerto,Jatirejo,0101000020E6100000038D04E0801C5C40FFC1D19F47521EC0,noaa20,medium
2021-04-18 17:24:54,Jawa Timur,Mojokerto,Trowulan,0101000020E61000005009FC9F0B195C407D5CB8FF0A4D1EC0,noaa20,medium
2021-04-18 17:24:54,Jawa Tengah,Magelang,Dukun,0101000020E6100000D11CFE3F339C5B402FA33760802A1EC0,noaa20,medium
2021-04-20 14:20:00,Sulawesi Tengah,Morowali,Bahodopi,0101000020E6100000030000409C8A5E40010000E0F1A406C0,terra,medium
2021-04-18 17:24:54,Nusa Tenggara Timur,Sumba Timur,Pahungalodu,0101000020E6100000EA48058070295E409259FFDFBF5624C0,noaa20,medium
2021-04-18 17:24:54,Nusa Tenggara Timur,Kupang,Fatuleu Barat,0101000020E6100000566201C0EFE85E40FEF0F3DF83CB23C0,noaa20,medium
2021-04-18 17:24:54,Maluku Utara,Halmahera Selatan,Obi,0101000020E6100000F01F036019DC5F40F52909814355F7BF,noaa20,medium
2021-04-18 17:24:54,Maluku Utara,Halmahera Selatan,Obi,0101000020E610000053570420EADB5F4028E772207753F7BF,noaa20,medium
2021-04-18 17:24:54,Kalimantan Selatan,Tanahbumbu,Angsana,0101000020E61000009E07FB9F51E85C40432013004EFD0CC0,noaa20,medium
2021-04-18 17:24:54,Kalimantan Selatan,Tanahbumbu,Satui,0101000020E610000086EAFF7FD0D75C4016D097201B570EC0,noaa20,medium
2021-04-18 17:24:54,Kalimantan Selatan,Tanahbumbu,Kusanhulu,0101000020E61000008729FCDFF2E75C40202A096035E40BC0,noaa20,medium
2021-04-18 17:24:54,Kalimantan Selatan,Tapin,Lokpaikat,0101000020E610000061D10020DFCE5C4097C47A1F1E8C07C0,noaa20,medium
2021-04-18 17:24:54,Kalimantan Selatan,Tapin,Lokpaikat,0101000020E6100000CCAB00007CCF5C4055CB6B5F1F7907C0,noaa20,medium
2021-04-18 17:24:54,Kalimantan Timur,Paser,Batu Sopang,0101000020E61000008FCCFAFFFEF65C4030378C40C48FFDBF,noaa20,medium
2021-04-18 17:24:54,Kalimantan Timur,Paser,Batu Sopang,0101000020E6100000CCAB0000FCF65C40BF0796C039F5FDBF,noaa20,medium
2021-04-18 17:24:54,Kalimantan Tengah,Pulangpisau,Kahayan Kuala,0101000020E61000000B3003004D705C40B1E07EC0032B08C0,noaa20,medium
2021-04-18 17:24:54,Kalimantan Tengah,Pulangpisau,Kahayan Kuala,0101000020E61000001BD10340D1765C4085338D60C24408C0,noaa20,medium
2021-04-18 17:24:54,Banten,Serang,Kibin,0101000020E610000060AAFCDF0F945A403C8DEEFF67BD18C0,noaa20,medium
2021-04-18 17:24:54,Jawa Barat,Karawang,Rawamerta,0101000020E6100000E8FAFCFFD1D45A40C9CB16203CE018C0,noaa20,medium
2021-04-18 17:24:54,Jawa Timur,Situbondo,Kapongan,0101000020E6100000D859FCBF8D865C4033C14FA078DB1EC0,noaa20,medium
2021-04-18 17:24:54,Jawa Timur,Situbondo,Kapongan,0101000020E6100000498D01C0CE865C4094BCBEFF24DC1EC0,noaa20,medium
2021-04-18 17:24:54,Jawa Timur,Mojokerto,Jatirejo,0101000020E6100000038D04E0801C5C40FFC1D19F47521EC0,noaa20,medium
2021-04-18 17:24:54,Jawa Timur,Mojokerto,Trowulan,0101000020E61000005009FC9F0B195C407D5CB8FF0A4D1EC0,noaa20,medium
2021-04-18 17:24:54,Jawa Tengah,Magelang,Dukun,0101000020E6100000D11CFE3F339C5B402FA33760802A1EC0,noaa20,medium
2021-04-20 14:20:00,Sulawesi Tengah,Morowali,Bahodopi,0101000020E6100000030000409C8A5E40010000E0F1A406C0,terra,medium
2021-04-19 01:58:52,Sulawesi Tenggara,Buton Utara,Kulisusu,0101000020E61000005E10919A76CC5E40BED9E6C6F41413C0,landsat8,low
2021-04-19 01:58:52,Sulawesi Tenggara,Buton,Kab. Buton,0101000020E61000005985CD0017B05E40B6D95889793615C0,landsat8,low
2021-04-19 01:58:52,Sulawesi Tenggara,Konawe,Bondoala,0101000020E6100000220038F6EC995E401807978E39F70EC0,landsat8,medium
2021-04-19 01:58:52,Sulawesi Tenggara,Konawe,Bondoala,0101000020E6100000A5D72915D2995E40D46E395A94F70EC0,landsat8,high
2021-04-19 01:58:52,Sulawesi Tenggara,Konawe,Bondoala,0101000020E61000004243FF04179A5E40EC1516DC0FF80EC0,landsat8,medium
2021-04-19 01:58:52,Sulawesi Tenggara,Konawe,Bondoala,0101000020E6100000A824A1E3D99A5E40A2F0D93A38380FC0,landsat8,medium
2021-04-19 01:58:52,Sulawesi Tenggara,Konawe,Bondoala,0101000020E6100000E468EAD1B09A5E4046425BCEA5380FC0,landsat8,high
2021-04-19 01:58:52,Sulawesi Tenggara,Konawe,Bondoala,0101000020E610000008910C39F69A5E40C47B0E2C47380FC0,landsat8,high
2021-04-19 01:58:52,Sulawesi Tenggara,Konawe,Bondoala,0101000020E610000086E5CFB7059B5E4041EF8D2100380FC0,landsat8,high
2021-04-19 03:35:05,Sumatera Barat,Kepulauan Mentawai,Siberut Barat,0101000020E610000074D3669C86B9584000C5C8923996EDBF,landsat8,high
2021-04-19 03:35:05,Riau,Rokan Hulu,Tembusan,0101000020E6100000F1B73D41E2095940923B6C223357F33F,landsat8,medium
2021-04-19 03:35:05,Sumatera Utara,Labuhanbatu,Bilah Hulu,0101000020E6100000AF43352559F65840D76D50FBADAD0040,landsat8,high
2021-04-19 03:35:05,Sumatera Utara,Labuhan Batu Selatan,Kampung Rakyat,0101000020E6100000E8C072840C0559403222516859D70040,landsat8,low
2021-04-19 03:35:05,Sumatera Utara,Labuhanbatu Utara,Kwaluh Hulu,0101000020E61000004374081C09EA5840EE60C43E01840440,landsat8,high
2021-04-19 03:35:05,Sumatera Utara,Labuhanbatu Utara,Kwaluh Hilir,0101000020E6100000D3A414747BFD5840118B187618030640,landsat8,low
2021-04-19 03:35:05,Sumatera Utara,Serdang Bedagai,Sipispis,0101000020E6100000772E8CF4A2C0584069C70DBF9B0E0A40,landsat8,high
2021-04-19 03:35:05,Sumatera Utara,Serdang Bedagai,Tebing Syahbandar,0101000020E6100000A7052FFA0AC95840067F64DFBA470A40,landsat8,high
2021-04-19 01:58:52,Sulawesi Tenggara,Buton Utara,Kulisusu,0101000020E61000005E10919A76CC5E40BED9E6C6F41413C0,landsat8,low
2021-04-19 01:58:52,Sulawesi Tenggara,Buton,Kab. Buton,0101000020E61000005985CD0017B05E40B6D95889793615C0,landsat8,low
2021-04-19 01:58:52,Sulawesi Tenggara,Konawe,Bondoala,0101000020E61000005A2E1B9DF3995E40CD936B0A64F60EC0,landsat8,high
2021-04-19 01:58:52,Sulawesi Tenggara,Konawe,Bondoala,0101000020E61000009225732CEF995E40CD936B0A64F60EC0,landsat8,high
2021-04-19 01:58:52,Sulawesi Tenggara,Konawe,Bondoala,0101000020E61000004AF1F109D9995E40D6C56D3480F70EC0,landsat8,medium
2021-04-19 01:58:52,Sulawesi Tenggara,Konawe,Bondoala,0101000020E61000006AA67B9DD4995E40D6C56D3480F70EC0,landsat8,high
2021-04-19 01:58:52,Sulawesi Tenggara,Konawe,Bondoala,0101000020E61000006AA67B9DD4995E40DBDE6E490EF80EC0,landsat8,high
2021-04-19 01:58:52,Sulawesi Tenggara,Konawe,Bondoala,0101000020E61000007270E998F3995E40D769A4A5F2F60EC0,landsat8,high
2021-04-19 01:58:52,Sulawesi Tenggara,Konawe,Bondoala,0101000020E61000008A5B0531D0995E40CCEF3499F1F60EC0,landsat8,medium
2021-04-19 01:58:52,Sulawesi Tenggara,Konawe,Bondoala,0101000020E61000008A5B0531D0995E40D6C56D3480F70EC0,landsat8,high
2021-04-19 01:58:52,Sulawesi Tenggara,Konawe,Bondoala,0101000020E61000009225732CEF995E40D769A4A5F2F60EC0,landsat8,medium
2021-04-19 01:58:52,Sulawesi Tenggara,Konawe,Bondoala,0101000020E6100000A19DD32CD0995E40DBDE6E490EF80EC0,landsat8,high
2021-04-19 01:58:52,Sulawesi Tenggara,Konawe,Bondoala,0101000020E6100000B2DAFCBFEA995E40DC82A5BA80F70EC0,landsat8,medium
2021-04-19 01:58:52,Sulawesi Tenggara,Konawe,Bondoala,0101000020E6100000B2DAFCBFEA995E40E19BA6CF0EF80EC0,landsat8,medium
2021-04-19 01:58:52,Sulawesi Tenggara,Konawe,Bondoala,0101000020E6100000C1525DC0CB995E40D10836AE7FF70EC0,landsat8,medium
2021-04-19 01:58:52,Sulawesi Tenggara,Konawe,Bondoala,0101000020E6100000D28F8653E6995E40DC82A5BA80F70EC0,landsat8,medium
2021-04-19 01:58:52,Sulawesi Tenggara,Konawe,Bondoala,0101000020E6100000E9D1544FE6995E40E19BA6CF0EF80EC0,landsat8,high
2021-04-19 01:58:52,Sulawesi Tenggara,Konawe,Bondoala,0101000020E61000004243FF04179A5E40EC1516DC0FF80EC0,landsat8,medium
2021-04-19 01:58:52,Sulawesi Tenggara,Konawe,Bondoala,0101000020E6100000DE7536E49F9A5E402F14B01D8C380FC0,landsat8,high
2021-04-19 01:58:52,Sulawesi Tenggara,Konawe,Bondoala,0101000020E6100000DE7536E49F9A5E403AEAE8B81A390FC0,landsat8,high
2021-04-19 01:58:52,Sulawesi Tenggara,Konawe,Bondoala,0101000020E610000006F52D73BA9A5E403B8E1F2A8D380FC0,landsat8,high
2021-04-19 01:58:52,Sulawesi Tenggara,Konawe,Bondoala,0101000020E610000006F52D73BA9A5E403FA7203F1B390FC0,landsat8,high
2021-04-19 01:58:52,Sulawesi Tenggara,Konawe,Bondoala,0101000020E610000016325706D59A5E4036751E15FF370FC0,landsat8,medium
2021-04-19 01:58:52,Sulawesi Tenggara,Konawe,Bondoala,0101000020E610000016325706D59A5E40404B57B08D380FC0,landsat8,high
2021-04-19 01:58:52,Sulawesi Tenggara,Konawe,Bondoala,0101000020E610000026AAB706B69A5E4030B8E68EFE370FC0,landsat8,high
2021-04-19 01:58:52,Sulawesi Tenggara,Konawe,Bondoala,0101000020E610000026AAB706B69A5E4035D1E7A38C380FC0,landsat8,high
2021-04-19 01:58:52,Sulawesi Tenggara,Konawe,Bondoala,0101000020E610000036E7E099D09A5E4036751E15FF370FC0,landsat8,medium
2021-04-19 01:58:52,Sulawesi Tenggara,Konawe,Bondoala,0101000020E6100000465F419AB19A5E4035D1E7A38C380FC0,landsat8,medium
2021-04-19 01:58:52,Sulawesi Tenggara,Konawe,Bondoala,0101000020E61000004E29AF95D09A5E403B8E1F2A8D380FC0,landsat8,high
2021-04-19 01:58:52,Sulawesi Tenggara,Konawe,Bondoala,0101000020E61000006614CB2DAD9A5E4035D1E7A38C380FC0,landsat8,high
2021-04-19 01:58:52,Sulawesi Tenggara,Konawe,Bondoala,0101000020E61000006614CB2DAD9A5E403AEAE8B81A390FC0,landsat8,medium
2021-04-19 01:58:52,Sulawesi Tenggara,Konawe,Bondoala,0101000020E610000086C954C1A89A5E4035D1E7A38C380FC0,landsat8,high
2021-04-19 01:58:52,Sulawesi Tenggara,Konawe,Bondoala,0101000020E61000009E0B23BDA89A5E403AEAE8B81A390FC0,landsat8,high
2021-04-19 01:58:52,Sulawesi Tenggara,Konawe,Bondoala,0101000020E6100000BEC0AC50A49A5E4035D1E7A38C380FC0,landsat8,high
2021-04-19 01:58:52,Sulawesi Tenggara,Konawe,Bondoala,0101000020E6100000BEC0AC50A49A5E403AEAE8B81A390FC0,landsat8,high
2021-04-19 01:58:52,Sulawesi Tenggara,Konawe,Bondoala,0101000020E6100000CEFDD5E3BE9A5E4030B8E68EFE370FC0,landsat8,medium
2021-04-19 01:58:52,Sulawesi Tenggara,Konawe,Bondoala,0101000020E6100000CEFDD5E3BE9A5E403B8E1F2A8D380FC0,landsat8,high
2021-04-19 01:58:52,Sulawesi Tenggara,Konawe,Bondoala,0101000020E6100000E63FA4DFBE9A5E403FA7203F1B390FC0,landsat8,medium
2021-04-19 01:58:52,Sulawesi Tenggara,Konawe,Bondoala,0101000020E6100000EEB25F77BA9A5E4030B8E68EFE370FC0,landsat8,high
2021-04-19 01:58:52,Sulawesi Tenggara,Konawe,Bondoala,0101000020E6100000F67CCD72D99A5E40404B57B08D380FC0,landsat8,low
2021-04-19 01:58:52,Sulawesi Tenggara,Konawe,Bondoala,0101000020E61000001EFCC401F49A5E4041EF8D2100380FC0,landsat8,high
2021-04-19 01:58:52,Sulawesi Tenggara,Konawe,Bondoala,0101000020E61000001EFCC401F49A5E4046088F368E380FC0,landsat8,high
2021-04-19 01:58:52,Sulawesi Tenggara,Konawe,Bondoala,0101000020E610000086E5CFB7059B5E4041EF8D2100380FC0,landsat8,high
2021-04-19 01:58:52,Sulawesi Tenggara,Konawe,Bondoala,0101000020E6100000B612BA4BE29A5E403C32569BFF370FC0,landsat8,high
2021-04-19 01:58:52,Sulawesi Tenggara,Konawe,Bondoala,0101000020E6100000B612BA4BE29A5E40404B57B08D380FC0,landsat8,high
2021-04-19 01:58:52,Sulawesi Tenggara,Konawe,Bondoala,0101000020E6100000D6C743DFDD9A5E40315C1D0071370FC0,landsat8,medium
2021-04-19 01:58:52,Sulawesi Tenggara,Konawe,Bondoala,0101000020E6100000D6C743DFDD9A5E403C32569BFF370FC0,landsat8,high
2021-04-19 01:58:52,Sulawesi Tenggara,Konawe,Bondoala,0101000020E6100000D6C743DFDD9A5E40404B57B08D380FC0,landsat8,high
2021-04-19 01:58:52,Sulawesi Tenggara,Konawe,Bondoala,0101000020E6100000E6046D72F89A5E4041EF8D2100380FC0,landsat8,high
2021-04-19 01:58:52,Sulawesi Tenggara,Konawe,Bondoala,0101000020E6100000FE463B6EF89A5E4046088F368E380FC0,landsat8,high
2021-04-19 03:35:05,Sumatera Barat,Kepulauan Mentawai,Siberut Barat,0101000020E610000074D3669C86B9584000C5C8923996EDBF,landsat8,high
2021-04-19 03:35:05,Riau,Rokan Hulu,Tembusan,0101000020E61000006DFE5F75E4095940923B6C223357F33F,landsat8,high
2021-04-19 03:35:05,Riau,Rokan Hulu,Tembusan,0101000020E610000076711B0DE0095940923B6C223357F33F,landsat8,low
2021-04-19 03:35:05,Sumatera Utara,Labuhanbatu,Bilah Hulu,0101000020E6100000AF43352559F6584054E1CFF066AD0040,landsat8,high
2021-04-19 03:35:05,Sumatera Utara,Labuhanbatu,Bilah Hulu,0101000020E6100000AF43352559F6584059FAD005F5AD0040,landsat8,high
2021-04-19 03:35:05,Sumatera Utara,Labuhan Batu Selatan,Kampung Rakyat,0101000020E610000058E6ADBA0E0559403222516859D70040,landsat8,low
2021-04-19 03:35:05,Sumatera Utara,Labuhan Batu Selatan,Kampung Rakyat,0101000020E6100000789B374E0A0559403222516859D70040,landsat8,low
2021-04-19 03:35:05,Sumatera Utara,Labuhanbatu Utara,Kwaluh Hulu,0101000020E61000004374081C09EA58406BD44334BA830440,landsat8,high
2021-04-19 03:35:05,Sumatera Utara,Labuhanbatu Utara,Kwaluh Hulu,0101000020E61000004374081C09EA584070ED444948840440,landsat8,high
2021-04-19 03:35:05,Sumatera Utara,Labuhanbatu Utara,Kwaluh Hilir,0101000020E610000043CA4FAA7DFD58408FFE976BD1020640,landsat8,low
2021-04-19 03:35:05,Sumatera Utara,Labuhanbatu Utara,Kwaluh Hilir,0101000020E6100000637FD93D79FD5840941799805F030640,landsat8,low
2021-04-19 03:35:05,Sumatera Utara,Serdang Bedagai,Sipispis,0101000020E6100000772E8CF4A2C0584069C70DBF9B0E0A40,landsat8,high
2021-04-19 03:35:05,Sumatera Utara,Serdang Bedagai,Tebing Syahbandar,0101000020E61000009432A9A10DC958400936AE7FD7470A40,landsat8,high
2021-04-19 03:35:05,Sumatera Utara,Serdang Bedagai,Tebing Syahbandar,0101000020E61000009432A9A10DC95840FE5F75E448470A40,landsat8,high
2021-04-19 03:35:05,Sumatera Utara,Serdang Bedagai,Tebing Syahbandar,0101000020E6100000B4E7323509C958400936AE7FD7470A40,landsat8,high
2021-04-19 03:35:05,Sumatera Utara,Serdang Bedagai,Tebing Syahbandar,0101000020E6100000B4E7323509C958400E4FAF9465480A40,landsat8,high
2021-04-19 03:35:05,Sumatera Utara,Serdang Bedagai,Tebing Syahbandar,0101000020E6100000B4E7323509C95840FE5F75E448470A40,landsat8,high
2021-04-20 16:48:29,Nusa Tenggara Timur,Sumba Timur,Pahungalodu,0101000020E61000002F22FE1F6F295E40BE1ADADF5D5524C0,noaa20,medium
2021-04-20 16:48:29,Papua Barat,Telukbintuni,Bintuni,0101000020E61000007B7B002061BB60405FED07C0683C00C0,noaa20,medium
2021-04-20 16:48:29,Maluku Utara,Halmahera Selatan,Obi,0101000020E6100000811302A007DC5F4099BCE057D550F7BF,noaa20,medium
2021-04-20 16:48:29,Sulawesi Tengah,Morowali,Bahodopi,0101000020E61000006642FE5F768A5E40DB4414300DA906C0,noaa20,medium
2021-04-20 16:48:29,Sulawesi Tengah,Morowali,Bahodopi,0101000020E610000032AF0200B08A5E40500ACA9F35C806C0,noaa20,medium
2021-04-20 16:48:29,Kalimantan Selatan,Tanahbumbu,Angsana,0101000020E6100000C6E0FEAF3CE85C40E4A5D56FAAF60CC0,noaa20,medium
2021-04-20 16:48:29,Kalimantan Selatan,Tapin,Lokpaikat,0101000020E610000040F6FE2FECCE5C4081EA6160048A07C0,noaa20,medium
2021-04-20 16:48:29,Sulawesi Barat,Mamuju Utara,Bambalamotu,0101000020E6100000153902C04ADE5D408BAFB0BF7067F1BF,noaa20,medium
2021-04-20 16:48:29,Sulawesi Barat,Mamuju Utara,Sarudu,0101000020E61000009F220350D7D35D404D03B300753CFBBF,noaa20,medium
2021-04-20 16:48:29,Jawa Timur,Mojokerto,Trowulan,0101000020E610000002A5FCFFD3185C40D3EC0D004D4B1EC0,noaa20,medium
2021-04-20 16:48:29,Maluku Utara,Halmahera Tengah,Weda Tengah,0101000020E610000025DA02008FFF5F40F510AEFC09D9DE3F,noaa20,medium
2021-04-20 16:48:29,Maluku Utara,Halmahera Selatan,Pulau Makian,0101000020E610000021A801207AD95F40873296E126C0D43F,noaa20,medium
2021-04-20 16:48:29,Nusa Tenggara Timur,Sumba Timur,Pahungalodu,0101000020E61000002F22FE1F6F295E40BE1ADADF5D5524C0,noaa20,medium
2021-04-20 16:48:29,Papua Barat,Telukbintuni,Bintuni,0101000020E61000007B7B002061BB60405FED07C0683C00C0,noaa20,medium
2021-04-20 16:48:29,Maluku Utara,Halmahera Selatan,Obi,0101000020E6100000196B03A01FDC5F40FDA2C2E0B358F7BF,noaa20,medium
2021-04-20 16:48:29,Maluku Utara,Halmahera Selatan,Obi,0101000020E610000039AD042028DC5F4055549A202C4BF7BF,noaa20,medium
2021-04-20 16:48:29,Maluku Utara,Halmahera Selatan,Obi,0101000020E610000036200040E7DB5F400750429F7E56F7BF,noaa20,medium
2021-04-20 16:48:29,Maluku Utara,Halmahera Selatan,Obi,0101000020E61000007A150080EFDB5F400BABE3BEF648F7BF,noaa20,medium
2021-04-20 16:48:29,Sulawesi Tengah,Morowali,Bahodopi,0101000020E6100000CADFFFBF988A5E409F17D5BF77A506C0,noaa20,medium
2021-04-20 16:48:29,Sulawesi Tengah,Morowali,Bahodopi,0101000020E610000002A5FCFF538A5E40187253A0A2AC06C0,noaa20,medium
2021-04-20 16:48:29,Sulawesi Tengah,Morowali,Bahodopi,0101000020E610000032AF0200B08A5E40500ACA9F35C806C0,noaa20,medium
2021-04-20 16:48:29,Kalimantan Selatan,Tanahbumbu,Angsana,0101000020E61000009564FC7F45E85C401C0F32A049F00CC0,noaa20,medium
2021-04-20 16:48:29,Kalimantan Selatan,Tanahbumbu,Angsana,0101000020E6100000F75C01E033E85C40AD3C793F0BFD0CC0,noaa20,medium
2021-04-20 16:48:29,Kalimantan Selatan,Tapin,Lokpaikat,0101000020E61000004DFEFEFF05CF5C40CFA55580318B07C0,noaa20,medium
2021-04-20 16:48:29,Kalimantan Selatan,Tapin,Lokpaikat,0101000020E610000032EEFE5FD2CE5C40332F6E40D78807C0,noaa20,medium
2021-04-20 16:48:29,Sulawesi Barat,Mamuju Utara,Bambalamotu,0101000020E6100000153902C04ADE5D408BAFB0BF7067F1BF,noaa20,medium
2021-04-20 16:48:29,Sulawesi Barat,Mamuju Utara,Sarudu,0101000020E6100000290C04E0E3D35D4053463381E83AFBBF,noaa20,medium
2021-04-20 16:48:29,Sulawesi Barat,Mamuju Utara,Sarudu,0101000020E6100000153902C0CAD35D4047C03280013EFBBF,noaa20,medium
2021-04-20 16:48:29,Jawa Timur,Mojokerto,Trowulan,0101000020E610000002A5FCFFD3185C40D3EC0D004D4B1EC0,noaa20,medium
2021-04-20 16:48:29,Maluku Utara,Halmahera Tengah,Weda Tengah,0101000020E610000025DA02008FFF5F40F510AEFC09D9DE3F,noaa20,medium
2021-04-20 16:48:29,Maluku Utara,Halmahera Selatan,Pulau Makian,0101000020E610000021A801207AD95F40873296E126C0D43F,noaa20,medium
2021-04-20 18:30:53,Riau,Indragiri Hulu,Rengat,0101000020E6100000EFB902C0A79E59405EBCDD9A8D38DFBF,noaa20,medium
2021-04-20 18:30:53,Riau,Kuantan Singingi,Kuatan Mudik,0101000020E61000009996FD5FDA5A59409112F561410AE1BF,noaa20,medium
2021-04-20 18:30:53,Riau,Kuantan Singingi,Kuatan Tengah,0101000020E6100000A36000C0F55C5940E4A0E7C371E8DEBF,noaa20,medium
2021-04-20 18:30:53,Jambi,Batanghari,Mersam,0101000020E6100000E34A0360B8B7594056943B01875FF9BF,noaa20,medium
2021-04-20 18:30:53,Jambi,Tanjung Jabung Barat,Tungkalulu,0101000020E6100000038D04E080C55940B48552416613F5BF,noaa20,medium
2021-04-20 18:30:53,Jambi,Tanjung Jabung Barat,Tungkalilir,0101000020E61000004C59020072D859400AB7BE40F742F3BF,noaa20,medium
2021-04-20 18:30:53,Jambi,Tanjung Jabung Barat,Tungkalilir,0101000020E6100000EFB902C0E7D75940CD8646C19D05F3BF,noaa20,medium
2021-04-20 18:30:53,Jambi,Tanjung Jabung Barat,Tungkalilir,0101000020E6100000FCCDFE1FEBD65940BDA4D6A0D4C3F2BF,noaa20,medium
2021-04-20 18:30:53,Sumatera Barat,Pesisir Selatan,Pancung Soal,0101000020E6100000C56E0280A1455940D93F911FD89E01C0,noaa20,medium
2021-04-20 18:30:53,Sumatera Selatan,Penukal Abab Lematang Ilir,Talang Ubi,0101000020E610000072D8010055005A40B648B97F55E30AC0,noaa20,medium
2021-04-20 18:30:53,Sumatera Selatan,Muara Enim,Rambang Dangku,0101000020E6100000A487040045025A40909B653F20520BC0,noaa20,medium
2021-04-20 18:30:53,Lampung,Way Kanan,Negara Batin,0101000020E61000007317FE5FF7325A4009104FC0C06911C0,noaa20,medium
2021-04-20 18:30:53,Lampung,Way Kanan,Negara Batin,0101000020E610000083DF02E00A345A40AF635400294511C0,noaa20,medium
2021-04-20 18:30:53,Lampung,Way Kanan,Pakuan Ratu,0101000020E610000028E5FF9F94365A40AB5D34E0031E11C0,noaa20,medium
2021-04-20 18:30:53,Banten,Serang,Kibin,0101000020E61000007FAD010036945A40D17224C07EC218C0,noaa20,medium
2021-04-20 18:30:53,Dki Jakarta,Jakarta Barat,Kembangan,0101000020E610000083DF02E04AB05A40FAE905C0F4A518C0,noaa20,medium
2021-04-20 18:30:53,Jawa Barat,Karawang,Rengasdengklok,0101000020E6100000730B02D0CDD45A406F2F277004DE18C0,noaa20,medium
2021-04-20 18:30:53,Jawa Barat,Bogor,Gunungputri,0101000020E6100000070AFEAFA1B95A40D0F5F9FFA3C419C0,noaa20,medium
2021-04-20 18:30:53,Jawa Barat,Cirebon,Suranenggala,0101000020E6100000038D04E0C0205B4002A5FCFF93821AC0,noaa20,medium
2021-04-20 18:30:53,Jawa Tengah,Batang,Banyuputih,0101000020E61000001B1000A0337D5B4067BF282071E81BC0,noaa20,medium
2021-04-20 18:30:53,Jawa Tengah,Sleman,Pakem,0101000020E6100000679C02708E9C5B409283F157F12B1EC0,noaa20,medium
2021-04-20 18:30:53,Aceh,Bireuen,Ganda Pura,0101000020E6100000B73302E08E395840B93FCD7FFEE51440,noaa20,medium
2021-04-20 18:30:53,Riau,Rokan Hilir,Bagan Sinembah,0101000020E610000074BCFA5F4B16594098AFC37F57EF0040,noaa20,medium
2021-04-20 18:30:53,Riau,Rokan Hilir,Bagan Sinembah,0101000020E6100000DD7F0110F9205940671956AF2AE4FF3F,noaa20,medium
2021-04-20 18:30:53,Riau,Kampar,Gunung Sahilan,0101000020E61000000A48FB1F204F5940736469D065A4BC3F,noaa20,medium
2021-04-20 17:36:52,Nusa Tenggara Timur,Sumba Timur,Pahungalodu,0101000020E6100000A36000C055295E401FEF1B80895724C0,snpp,medium
2021-04-20 17:36:52,Maluku Utara,Halmahera Selatan,Obi,0101000020E6100000FC0CFB7F0DDC5F407A6D99801D57F7BF,snpp,medium
2021-04-20 17:36:52,Kalimantan Selatan,Tanahbumbu,Angsana,0101000020E6100000ABC402805FE85C402CDB45A013FD0CC0,snpp,medium
2021-04-20 17:36:52,Kalimantan Selatan,Tanahbumbu,Angsana,0101000020E6100000A6ED04A036E55C4030F61C60FF200EC0,snpp,medium
2021-04-20 17:36:52,Kalimantan Selatan,Tanahbumbu,Satui,0101000020E61000001146FD3FD8D75C409578E51F225A0EC0,snpp,medium
2021-04-20 17:36:52,Kalimantan Selatan,Tanahbumbu,Kusanhulu,0101000020E610000021A80120FAE75C4031DE24402CE70BC0,snpp,medium
2021-04-20 17:36:52,Kalimantan Selatan,Tapin,Lokpaikat,0101000020E6100000A9F80140FCCE5C40A0411A80D38C07C0,snpp,medium
2021-04-20 17:36:52,Kalimantan Timur,Kutai Kartanegara,Sebilu,0101000020E610000054FC0020BE3D5D402634CD64CDE2D3BF,snpp,medium
2021-04-20 17:36:52,Kalimantan Tengah,Barito Utara,Montallat,0101000020E6100000F9C20180E5B05C4069B5979FE1AEF4BF,snpp,medium
2021-04-20 17:36:52,Kalimantan Tengah,Katingan,Sanaman Mantikei,0101000020E6100000E4C8FB1F7D465C40B0A63661901EF5BF,snpp,medium
2021-04-20 17:36:52,Sumatera Selatan,Ogan Komering Ilir,Pampangan,0101000020E61000001983FBBFF2515A40946357FF8C0706C0,snpp,medium
2021-04-20 17:36:52,Sumatera Selatan,Lahat,Merapi,0101000020E610000094FEFBDF53F059403E9E6DA086F00DC0,snpp,medium
2021-04-20 17:36:52,Banten,Serang,Cikande,0101000020E610000042CEFBFFB8965A4062B908004CBD18C0,snpp,medium
2021-04-20 17:36:52,Jawa Barat,Karawang,Rawamerta,0101000020E6100000CB4BFE27DFD45A403C5F1EF839DF18C0,snpp,medium
2021-04-20 17:36:52,Jawa Barat,Bogor,Gunungputri,0101000020E61000009081021093B95A40BC0BCEBFE1C419C0,snpp,medium
2021-04-20 17:36:52,Jawa Barat,Cirebon,Suranenggala,0101000020E610000068CF0240D7205B40C792C53F64841AC0,snpp,medium
2021-04-20 17:36:52,Jawa Tengah,Batang,Banyuputih,0101000020E61000001D760040657D5B4092054CE0D6E51BC0,snpp,medium
2021-04-20 17:36:52,Jawa Timur,Lumajang,Tempeh,0101000020E61000002658FBBF534C5C40DDDEE29F215720C0,snpp,medium
2021-04-20 17:36:52,Jawa Timur,Mojokerto,Trowulan,0101000020E6100000038D04E000195C4043F6CD3FF24D1EC0,snpp,medium
2021-04-20 17:36:52,Jawa Tengah,Magelang,Srumbung,0101000020E6100000C9ACFFEF3F9C5B402D8C3E30912C1EC0,snpp,medium
2021-04-20 17:36:52,Jawa Tengah,Klaten,Juwiring,0101000020E6100000D81A00600BB15B406D09F12F1FA61EC0,snpp,medium
2021-04-20 18:30:53,Riau,Indragiri Hulu,Rengat,0101000020E6100000EFB902C0A79E59405EBCDD9A8D38DFBF,noaa20,medium
2021-04-20 18:30:53,Riau,Kuantan Singingi,Kuatan Mudik,0101000020E61000009996FD5FDA5A59409112F561410AE1BF,noaa20,medium
2021-04-20 18:30:53,Riau,Kuantan Singingi,Kuatan Tengah,0101000020E6100000A36000C0F55C5940E4A0E7C371E8DEBF,noaa20,medium
2021-04-20 18:30:53,Jambi,Batanghari,Mersam,0101000020E6100000E34A0360B8B7594056943B01875FF9BF,noaa20,medium
2021-04-20 18:30:53,Jambi,Tanjung Jabung Barat,Tungkalulu,0101000020E6100000038D04E080C55940B48552416613F5BF,noaa20,medium
2021-04-20 18:30:53,Jambi,Tanjung Jabung Barat,Tungkalilir,0101000020E61000004C59020072D859400AB7BE40F742F3BF,noaa20,medium
2021-04-20 18:30:53,Jambi,Tanjung Jabung Barat,Tungkalilir,0101000020E6100000EFB902C0E7D75940CD8646C19D05F3BF,noaa20,medium
2021-04-20 18:30:53,Jambi,Tanjung Jabung Barat,Tungkalilir,0101000020E6100000FCCDFE1FEBD65940BDA4D6A0D4C3F2BF,noaa20,medium
2021-04-20 18:30:53,Sumatera Barat,Pesisir Selatan,Pancung Soal,0101000020E6100000C56E0280A1455940D93F911FD89E01C0,noaa20,medium
2021-04-20 18:30:53,Sumatera Selatan,Penukal Abab Lematang Ilir,Talang Ubi,0101000020E610000072D8010055005A40B648B97F55E30AC0,noaa20,medium
2021-04-20 18:30:53,Sumatera Selatan,Muara Enim,Rambang Dangku,0101000020E6100000A487040045025A40909B653F20520BC0,noaa20,medium
2021-04-20 18:30:53,Lampung,Way Kanan,Negara Batin,0101000020E61000007317FE5FF7325A4009104FC0C06911C0,noaa20,medium
2021-04-20 18:30:53,Lampung,Way Kanan,Negara Batin,0101000020E610000083DF02E00A345A40AF635400294511C0,noaa20,medium
2021-04-20 18:30:53,Lampung,Way Kanan,Pakuan Ratu,0101000020E610000028E5FF9F94365A40AB5D34E0031E11C0,noaa20,medium
2021-04-20 18:30:53,Banten,Serang,Kibin,0101000020E61000007FAD010036945A40D17224C07EC218C0,noaa20,medium
2021-04-20 18:30:53,Dki Jakarta,Jakarta Barat,Kembangan,0101000020E610000083DF02E04AB05A40FAE905C0F4A518C0,noaa20,medium
2021-04-20 18:30:53,Jawa Barat,Karawang,Rengasdengklok,0101000020E6100000F32A0000DFD45A40E5EFFF5F4CDD18C0,noaa20,medium
2021-04-20 18:30:53,Jawa Barat,Karawang,Rengasdengklok,0101000020E6100000F3EB03A0BCD45A40F96E4E80BCDE18C0,noaa20,medium
2021-04-20 18:30:53,Jawa Barat,Bogor,Gunungputri,0101000020E61000003E5DFEBF81B95A40A90CEBDF58C419C0,noaa20,medium
2021-04-20 18:30:53,Jawa Barat,Bogor,Gunungputri,0101000020E6100000D0B6FD9FC1B95A40F7DE0820EFC419C0,noaa20,medium
2021-04-20 18:30:53,Jawa Barat,Cirebon,Suranenggala,0101000020E6100000038D04E0C0205B4002A5FCFF93821AC0,noaa20,medium
2021-04-20 18:30:53,Jawa Tengah,Batang,Banyuputih,0101000020E61000001B1000A0337D5B4067BF282071E81BC0,noaa20,medium
2021-04-20 18:30:53,Jawa Tengah,Boyolali,Selo,0101000020E610000098F10060869C5B40DF0419E006291EC0,noaa20,medium
2021-04-20 18:30:53,Di Yogyakarta,Sleman,Pakem,0101000020E6100000498D01C08E9C5B403316D19FCB2E1EC0,noaa20,medium
2021-04-20 18:30:53,Di Yogyakarta,Sleman,Pakem,0101000020E6100000196B03A05F9C5B409089EF1F662E1EC0,noaa20,medium
2021-04-20 18:30:53,Jawa Tengah,Klaten,Kemalang,0101000020E6100000A4870400C59C5B40A069ECBF8C291EC0,noaa20,medium
2021-04-20 18:30:53,Aceh,Bireuen,Ganda Pura,0101000020E6100000B73302E08E395840B93FCD7FFEE51440,noaa20,medium
2021-04-20 18:30:53,Riau,Rokan Hilir,Bagan Sinembah,0101000020E610000074BCFA5F4B16594098AFC37F57EF0040,noaa20,medium
2021-04-20 18:30:53,Riau,Rokan Hilir,Bagan Sinembah,0101000020E6100000C2A20140FE205940C6AABD5F37E2FF3F,noaa20,medium
2021-04-20 18:30:53,Riau,Rokan Hilir,Bagan Sinembah,0101000020E6100000F75C01E0F32059400888EEFE1DE6FF3F,noaa20,medium
2021-04-20 18:30:53,Riau,Kampar,Gunung Sahilan,0101000020E61000000A48FB1F204F5940736469D065A4BC3F,noaa20,medium
2021-04-20 17:36:52,Nusa Tenggara Timur,Sumba Timur,Pahungalodu,0101000020E6100000038D04E080295E40134120C0B75724C0,snpp,medium
2021-04-20 17:36:52,Nusa Tenggara Timur,Sumba Timur,Pahungalodu,0101000020E61000004334FC9F2A295E402B9D17405B5724C0,snpp,medium
2021-04-20 17:36:52,Maluku Utara,Halmahera Selatan,Obi,0101000020E6100000FC0CFB7F0DDC5F407A6D99801D57F7BF,snpp,medium
2021-04-20 17:36:52,Kalimantan Selatan,Tanahbumbu,Angsana,0101000020E610000051F1038078E85C4021D58760E2F80CC0,snpp,medium
2021-04-20 17:36:52,Kalimantan Selatan,Tanahbumbu,Angsana,0101000020E6100000566201C06FE85C40B705AE9FBCFF0CC0,snpp,medium
2021-04-20 17:36:52,Kalimantan Selatan,Tanahbumbu,Angsana,0101000020E61000005BFA024036E85C40AAB69BE09BFE0CC0,snpp,medium
2021-04-20 17:36:52,Kalimantan Selatan,Tanahbumbu,Angsana,0101000020E6100000A6ED04A036E55C4030F61C60FF200EC0,snpp,medium
2021-04-20 17:36:52,Kalimantan Selatan,Tanahbumbu,Satui,0101000020E61000001146FD3FD8D75C409578E51F225A0EC0,snpp,medium
2021-04-20 17:36:52,Kalimantan Selatan,Tanahbumbu,Kusanhulu,0101000020E610000021A80120FAE75C4031DE24402CE70BC0,snpp,medium
2021-04-20 17:36:52,Kalimantan Selatan,Tapin,Lokpaikat,0101000020E6100000A9F80140FCCE5C40A0411A80D38C07C0,snpp,medium
2021-04-20 17:36:52,Kalimantan Timur,Kutai Kartanegara,Sebilu,0101000020E6100000F05EFFBFBB3D5D405C15D14412DCD3BF,snpp,medium
2021-04-20 17:36:52,Kalimantan Timur,Kutai Kartanegara,Sebilu,0101000020E6100000B8990280C03D5D40F052C98488E9D3BF,snpp,medium
2021-04-20 17:36:52,Kalimantan Tengah,Barito Utara,Montallat,0101000020E6100000F9C20180E5B05C4069B5979FE1AEF4BF,snpp,medium
2021-04-20 17:36:52,Kalimantan Tengah,Katingan,Sanaman Mantikei,0101000020E6100000E4C8FB1F7D465C40B0A63661901EF5BF,snpp,medium
2021-04-20 17:36:52,Sumatera Selatan,Ogan Komering Ilir,Pampangan,0101000020E61000001983FBBFF2515A40946357FF8C0706C0,snpp,medium
2021-04-20 17:36:52,Sumatera Selatan,Lahat,Merapi,0101000020E610000094FEFBDF53F059403E9E6DA086F00DC0,snpp,medium
2021-04-20 17:36:52,Banten,Serang,Cikande,0101000020E610000042CEFBFFB8965A4062B908004CBD18C0,snpp,medium
2021-04-20 17:36:52,Jawa Barat,Karawang,Rawamerta,0101000020E6100000357B0340D3D45A401CB83D2054E218C0,snpp,medium
2021-04-20 17:36:52,Jawa Barat,Karawang,Rengasdengklok,0101000020E61000000A48FB1FE0D45A4033963CE0B2DD18C0,snpp,medium
2021-04-20 17:36:52,Jawa Barat,Karawang,Rengasdengklok,0101000020E61000006C19FC3FBFD45A40F061404008DE18C0,snpp,medium
2021-04-20 17:36:52,Jawa Barat,Karawang,Rawamerta,0101000020E61000008152FEFF09D55A40AFCCBE9FD8DE18C0,snpp,medium
2021-04-20 17:36:52,Jawa Barat,Bogor,Gunungputri,0101000020E6100000F01F036099B95A40E2B9EFFF80C219C0,snpp,medium
2021-04-20 17:36:52,Jawa Barat,Bogor,Gunungputri,0101000020E61000002FE301C08CB95A40975DAC7F42C719C0,snpp,medium
2021-04-20 17:36:52,Jawa Barat,Cirebon,Suranenggala,0101000020E610000068CF0240D7205B40C792C53F64841AC0,snpp,medium
2021-04-20 17:36:52,Jawa Tengah,Batang,Banyuputih,0101000020E61000001D760040657D5B4092054CE0D6E51BC0,snpp,medium
2021-04-20 17:36:52,Jawa Timur,Lumajang,Tempeh,0101000020E61000002658FBBF534C5C40DDDEE29F215720C0,snpp,medium
2021-04-20 17:36:52,Jawa Timur,Mojokerto,Trowulan,0101000020E6100000038D04E000195C4043F6CD3FF24D1EC0,snpp,medium
2021-04-20 17:36:52,Jawa Tengah,Magelang,Srumbung,0101000020E61000002BB100E0379C5B40DE723780652E1EC0,snpp,medium
2021-04-20 17:36:52,Jawa Tengah,Magelang,Dukun,0101000020E610000067A8FEFF479C5B407CA545E0BC2A1EC0,snpp,medium
2021-04-20 17:36:52,Jawa Tengah,Klaten,Juwiring,0101000020E61000000B6FFF5FEFB05B408B5BFDBF87A61EC0,snpp,medium
2021-04-20 17:36:52,Jawa Tengah,Klaten,Juwiring,0101000020E6100000A4C6006027B15B404FB7E49FB6A51EC0,snpp,medium
2021-04-20 17:22:00,Nusa Tenggara Timur,Sumba Timur,Pahungalodu,0101000020E610000001000020B9295E40000000E0BC5524C0,aqua,medium
2021-04-20 17:22:00,Maluku Utara,Halmahera Selatan,Obi,0101000020E6100000000000A01DDC5F40000000A0BE57F7BF,aqua,medium
2021-04-20 17:22:00,Nusa Tenggara Timur,Sumba Timur,Pahungalodu,0101000020E610000001000020B9295E40000000E0BC5524C0,aqua,medium
2021-04-20 17:22:00,Maluku Utara,Halmahera Selatan,Obi,0101000020E6100000000000A01DDC5F40000000A0BE57F7BF,aqua,medium
2021-04-21 02:44:00,Nusa Tenggara Barat,Sumbawa,Alas,0101000020E6100000FCFFFFFFA83F5D4000000000BD0A21C0,terra,medium
2021-04-21 02:44:00,Nusa Tenggara Barat,Sumbawa Barat,Taliwang,0101000020E6100000020000E09F365D40000000200B7D21C0,terra,medium
2021-04-21 02:44:00,Kalimantan Timur,Paser,Tanahgrogot,0101000020E6100000020000E0910C5D4001000040A9AAFEBF,terra,medium
2021-04-21 02:44:00,Kalimantan Timur,Paser,Tanjungharapan,0101000020E6100000FFFFFF3F571C5D4000000020ACDE02C0,terra,medium
2021-04-21 02:44:00,Sulawesi Tengah,Palu,Mantikulore,0101000020E6100000010000C0A2FE5D40000000604F29EBBF,terra,high
2021-04-21 02:44:00,Kalimantan Timur,Balikpapan,Balikpapan Kota,0101000020E6100000FDFFFFBFD9355D40010000409D5FF4BF,terra,low
2021-04-21 02:44:00,Kalimantan Tengah,Kapuas,Selat,0101000020E6100000010000C018995C40010000800F2208C0,terra,low
2021-04-21 02:44:00,Jawa Timur,Mojokerto,Ngoro,0101000020E610000002000080B1265C40000000E0F03E1EC0,terra,medium
2021-04-21 02:44:00,Jawa Timur,Surabaya,Benowo,0101000020E6100000FFFFFFDFB6285C40000000A071CA1CC0,terra,low
2021-04-21 02:44:00,Jawa Tengah,Semarang,Bawen,0101000020E610000002000080819B5B40000000003BE91CC0,terra,medium
2021-04-21 02:44:00,Sulawesi Tengah,Tolitoli,Baolan,0101000020E610000002000080E5345E40000000A09EB5F03F,terra,medium
2021-04-21 02:44:00,Nusa Tenggara Barat,Sumbawa,Alas,0101000020E6100000FCFFFFFFA83F5D4000000000BD0A21C0,terra,medium
2021-04-21 02:44:00,Nusa Tenggara Barat,Sumbawa Barat,Taliwang,0101000020E6100000020000E09F365D40000000200B7D21C0,terra,medium
2021-04-21 02:44:00,Kalimantan Timur,Paser,Tanahgrogot,0101000020E6100000020000E0910C5D4001000040A9AAFEBF,terra,medium
2021-04-21 02:44:00,Kalimantan Timur,Paser,Tanjungharapan,0101000020E6100000FFFFFF3F571C5D4000000020ACDE02C0,terra,medium
2021-04-21 02:44:00,Sulawesi Tengah,Palu,Mantikulore,0101000020E6100000010000C0A2FE5D40000000604F29EBBF,terra,high
2021-04-21 02:44:00,Kalimantan Timur,Balikpapan,Balikpapan Kota,0101000020E6100000FEFFFF1F2E365D4001000040A462F4BF,terra,low
2021-04-21 02:44:00,Kalimantan Timur,Balikpapan,Balikpapan Kota,0101000020E6100000FDFFFF5F85355D4000000040965CF4BF,terra,medium
2021-04-21 02:44:00,Kalimantan Tengah,Kapuas,Selat,0101000020E6100000010000C018995C40010000800F2208C0,terra,low
2021-04-21 02:44:00,Jawa Timur,Mojokerto,Ngoro,0101000020E610000002000080B1265C40000000E0F03E1EC0,terra,medium
2021-04-21 02:44:00,Jawa Timur,Surabaya,Benowo,0101000020E6100000FFFFFFDFB6285C40000000A071CA1CC0,terra,low
2021-04-21 02:44:00,Jawa Tengah,Semarang,Bawen,0101000020E610000002000080819B5B40000000003BE91CC0,terra,medium
2021-04-21 02:44:00,Sulawesi Tengah,Tolitoli,Baolan,0101000020E610000002000080E5345E40000000A09EB5F03F,terra,medium
2021-04-21 04:35:30,Maluku,Maluku Tengah,Seram Utara,0101000020E61000008152FEFF89296040C1BD3AE01D5507C0,snpp,low
2021-04-21 04:35:30,Maluku,Maluku Tengah,Seram Utara,0101000020E6100000952500206329604045C05BFF324807C0,snpp,low
2021-04-21 04:35:30,Papua Barat,Sorong Selatan,Teminabuan,0101000020E610000056A1FD1F92806040513682E0338AF4BF,snpp,medium
2021-04-21 04:35:30,Maluku Utara,Halmahera Selatan,Obi,0101000020E610000036200040E7DB5F407F654A90B656F7BF,snpp,medium
2021-04-21 04:35:30,Sulawesi Tengah,Banggai,Lamala,0101000020E6100000EBC6FD3F35D15E40420DF85F5B9DF0BF,snpp,medium
2021-04-21 04:35:30,Sulawesi Tengah,Banggai Kepulauan,Totikum Selatan,0101000020E610000043B603E065DC5E40F9533E5F0E76F7BF,snpp,medium
2021-04-21 04:35:30,Maluku,Seram Bagian Barat,Huamual,0101000020E6100000FB9AFE4F1202604019241A308AEE09C0,snpp,medium
2021-04-21 04:35:30,Sulawesi Barat,Mamasa,Pana,0101000020E6100000BB6503C023E15D40502026C0340508C0,snpp,medium
2021-04-21 04:35:30,Sulawesi Barat,Mamuju,Kalumpang,0101000020E61000008CC1FD5F39E65D403FEBD09FECD402C0,snpp,medium
2021-04-21 04:35:30,Sulawesi Barat,Mamuju,Kalumpang,0101000020E6100000F88F01B0ECE65D402BA391CF2B1205C0,snpp,medium
2021-04-21 04:35:30,Sulawesi Tengah,Sigi,Dolo Selatan,0101000020E61000002BA504500EF95D40A313954F8744F3BF,snpp,medium
2021-04-21 04:35:30,Sulawesi Tengah,Poso,Lore Tengah,0101000020E6100000D94104A03A145E40CEA896003EC0F9BF,snpp,medium
2021-04-21 04:35:30,Sulawesi Tengah,Sigi,Kulawi,0101000020E6100000E07E0220B5FD5D40D19610FFF249F6BF,snpp,medium
2021-04-21 04:35:30,Sulawesi Tengah,Tojounauna,Ulubongka,0101000020E6100000E4BCFF8F535C5E40C1FC36404049F1BF,snpp,medium
2021-04-21 04:35:30,Sulawesi Tengah,Donggala,Banawa,0101000020E61000007E86FDBF86F25D40209418801D0AEABF,snpp,medium
2021-04-21 04:35:30,Sulawesi Tengah,Parigimoutong,Sidoan,0101000020E6100000E8BB00A06F095E409BCBEC775189CE3F,snpp,medium
2021-04-21 04:35:30,Gorontalo,Gorontalo,Bongomeme,0101000020E6100000526FFC3F3DB25E40439217A1F107E23F,snpp,medium
2021-04-21 04:35:30,Gorontalo,Boalemo,Paguyamanpantai,0101000020E61000007E47016004A85E409E7F9ADEEE3AE13F,snpp,medium
2021-04-21 04:35:30,Maluku Utara,Halmahera Tengah,Weda Tengah,0101000020E6100000C56E0280010060408735321BA6EEDE3F,snpp,low
2021-04-21 04:35:30,Maluku,Maluku Tengah,Seram Utara,0101000020E61000008152FEFF89296040C1BD3AE01D5507C0,snpp,low
2021-04-21 04:35:30,Maluku,Maluku Tengah,Seram Utara,0101000020E6100000952500206329604045C05BFF324807C0,snpp,low
2021-04-21 04:35:30,Papua Barat,Sorong Selatan,Teminabuan,0101000020E610000056A1FD1F92806040513682E0338AF4BF,snpp,medium
2021-04-21 04:35:30,Maluku Utara,Halmahera Selatan,Obi,0101000020E6100000CED20440CBDB5F40FA565660E958F7BF,snpp,medium
2021-04-21 04:35:30,Maluku Utara,Halmahera Selatan,Obi,0101000020E61000009F6DFB3F03DC5F4004743EC08354F7BF,snpp,medium
2021-04-21 04:35:30,Sulawesi Tengah,Banggai,Lamala,0101000020E6100000EBC6FD3F35D15E40420DF85F5B9DF0BF,snpp,medium
2021-04-21 04:35:30,Sulawesi Tengah,Banggai Kepulauan,Totikum Selatan,0101000020E610000043B603E065DC5E40F9533E5F0E76F7BF,snpp,medium
2021-04-21 04:35:30,Maluku,Seram Bagian Barat,Huamual,0101000020E6100000BA3EFF7F14026040AFE3E8BF41F209C0,snpp,medium
2021-04-21 04:35:30,Maluku,Seram Bagian Barat,Huamual,0101000020E61000003CF7FD1F1002604082644BA0D2EA09C0,snpp,medium
2021-04-21 04:35:30,Sulawesi Barat,Mamasa,Pana,0101000020E6100000BB6503C023E15D40502026C0340508C0,snpp,medium
2021-04-21 04:35:30,Sulawesi Barat,Mamuju,Kalumpang,0101000020E61000008CC1FD5F39E65D403FEBD09FECD402C0,snpp,medium
2021-04-21 04:35:30,Sulawesi Barat,Mamuju,Kalumpang,0101000020E610000021A80120FAE65D403CCDB85FF41305C0,snpp,medium
2021-04-21 04:35:30,Sulawesi Barat,Mamuju,Kalumpang,0101000020E6100000CF770140DFE65D401B796A3F631005C0,snpp,medium
2021-04-21 04:35:30,Sulawesi Tengah,Sigi,Dolo Selatan,0101000020E6100000602C04200BF95D40123078A06746F3BF,snpp,medium
2021-04-21 04:35:30,Sulawesi Tengah,Sigi,Dolo Selatan,0101000020E6100000F71D058011F95D4033F7B1FEA642F3BF,snpp,medium
2021-04-21 04:35:30,Sulawesi Tengah,Poso,Lore Tengah,0101000020E6100000D94104A03A145E40CEA896003EC0F9BF,snpp,medium
2021-04-21 04:35:30,Sulawesi Tengah,Sigi,Kulawi,0101000020E6100000BAFF0220B2FD5D4040FD46BFA64CF6BF,snpp,medium
2021-04-21 04:35:30,Sulawesi Tengah,Sigi,Kulawi,0101000020E610000007FE0120B8FD5D406330DA3E3F47F6BF,snpp,medium
2021-04-21 04:35:30,Sulawesi Tengah,Tojounauna,Ulubongka,0101000020E61000005009FC9F4B5C5E40C7EA5E409246F1BF,snpp,medium
2021-04-21 04:35:30,Sulawesi Tengah,Tojounauna,Ulubongka,0101000020E6100000787003805B5C5E40BC0E0F40EE4BF1BF,snpp,medium
2021-04-21 04:35:30,Sulawesi Tengah,Donggala,Banawa,0101000020E61000005707FEBF83F25D40E030D120050FEABF,snpp,medium
2021-04-21 04:35:30,Sulawesi Tengah,Donggala,Banawa,0101000020E6100000A505FDBF89F25D4061F75FDF3505EABF,snpp,medium
2021-04-21 04:35:30,Sulawesi Tengah,Parigimoutong,Sidoan,0101000020E6100000E8BB00A06F095E409BCBEC775189CE3F,snpp,medium
2021-04-21 04:35:30,Gorontalo,Gorontalo,Bongomeme,0101000020E6100000526FFC3F3DB25E40439217A1F107E23F,snpp,medium
2021-04-21 04:35:30,Gorontalo,Boalemo,Paguyamanpantai,0101000020E61000007E47016004A85E409E7F9ADEEE3AE13F,snpp,medium
2021-04-21 04:35:30,Maluku Utara,Halmahera Tengah,Weda Tengah,0101000020E6100000C56E0280010060408735321BA6EEDE3F,snpp,low